,info,Tal1,Dmbx1,Emx2,Uncx,Paxip1,Ctnnb1,Prdm1,Rybp,Nfkb2,Tfdp2,Grhl1,Sp8,Irf2,Zfp287,Esr2,Zfp128,Vav1,Sp1,Ppargc1b,Sp7,Pin1,Nfya,Vsx1,Klf1,Vsx2,Mybl1,Mybl2,Rnf2,Blzf1,Topors,Nr3c2,Nfia,Taf6l,Nr4a3,Hoxd12,Hoxd13,Ttf1,Sox9,Nr2e1,Polr2b,Hltf,Sox6,Pbx3,Sox5,Foxa1,Cdc5l,Cebpg,Ciita,Rest,Ets1,Mafk,Tbx15,Scml2,Myb,Clock,Rbpj,Foxc1,Zfp422,Pias3,Runx1,Ppara,Relb,Vdr,Cdc6,Arid3a,Lhx1,Hoxb8,Hoxb9,Hic1,Lhx6,Six4,Hoxb3,Zfp263,Cbfa2t3,Ehf,Nhlh1,Gata6,Gata4,Gata5,Lpp,Nfe2l3,Nfe2l2,Tmf1,Gli1,Tbx2,En1,En2,Hnf1a,Tbx4,Zfp423,Elf1,Foxb1,Elf2,Elf4,Mxd1,Wt1,Rfx4,Bhlhe41,Sox13,Taf4b,Rfx2,Sox17,Ahr,Sall4,Med14,Smyd1,Sall3,Arid2,Zfp64,Pgr,Trps1,Hoxa1,Bach2,Bach1,Notch3,Pknox1,Pknox2,Sin3a,Etv3,Smad9,Smad5,Alx1,Egf,Mn1,Nkx3-1,Rbak,Gabpa,Nfkbiz,Zscan21,Trp73,E2f7,Esrrg,Rbpjl,Nfatc4,Nr5a1,Neurod4,Esrrb,Tbx21,Rorc,Mitf,Pax7,Pax6,Pax1,Pax3,Pax2,Pax9,Zkscan17,Gfi1,Mzf1,Runx3,Smarca4,Foxd4,Foxd3,Creb1,Srebf1,Sox11,Gmeb2,Irx4,Pou3f2,Ikzf1,Tcf23,Mtf2,Npas3,Nfatc3,Nfil3,Phox2b,Plag1,E2f2,Ddx3x,Taf2,Pou4f1,Trim33,Tsc2,Lmx1a,Nr2f2,Eomes,Wwtr1,Foxo1,Ar,Zfp354a,Elk4,Foxo4,Sall1,Mycn,Maml3,Foxp3,Atm,Uaca,Tbr1,Pml,Lhx3,Atr,Zbtb33,Ptch1,Lhx5,Barhl1,Irx5,Tfap2b,Tfap2e,Rxra,Rxrb,Gli2,Gli3,Zic4,Zic5,Zic2,Zic3,Satb1,Onecut2,Foxn4,Mnat1,Foxn1,Dlx2,Vezf1,sncg,sst,th,vip,xdh,slc17a8,slc5a7,slc6a3,slc6a8,smad3,opalin,pdgfra,palvb,reln,slc17a7,lyve,mfge8,mog,myl14,ndnf,ctss,foxj1,gad1,htr3a,igtp,acta2,alldh1l1,camk2,chat,cldn5,ngef,tiam1,slc1a2,gja1,fbll1
1,490x760,34,14,29,17,31,85,28,30,24,38,38,21,25,7,5,29,7,20,11,21,16,26,11,45,31,15,13,18,12,18,53,37,14,45,13,25,28,17,18,19,16,21,31,32,17,29,17,13,10,29,16,23,14,11,34,30,25,27,16,33,20,26,13,42,17,10,20,9,14,34,33,28,5,33,17,23,24,2,18,24,24,7,6,19,18,17,18,5,19,40,23,17,37,2,33,5,24,15,22,20,37,14,27,39,27,23,12,26,4,39,13,15,18,22,11,45,8,39,17,16,25,42,14,36,16,18,29,22,18,8,21,37,30,34,12,24,20,40,10,19,29,22,16,18,22,24,36,44,22,19,44,23,19,56,30,16,10,15,33,24,13,13,23,24,22,10,13,14,36,29,26,19,42,23,10,26,27,11,39,32,19,11,8,25,29,29,31,7,21,11,33,5,26,20,33,5,16,11,27,28,13,14,21,43,24,50,26,10,22,31,31,19,16,32,53,4,55,25,63,16,42,39,16,41,17,49,52,19,111,18,31,35,64,32,12,56,25,52,27,32,37,56,28,18,20,28,54,11,30
5,432x722,17,1,8,14,15,80,18,28,8,19,17,25,13,10,18,21,13,7,12,23,14,22,10,13,27,6,19,15,15,10,33,33,3,11,16,10,20,8,22,11,9,36,0,23,13,22,12,7,16,5,17,17,15,32,7,26,15,5,32,14,13,17,1,11,10,11,26,15,11,16,10,33,9,1,28,15,16,12,6,16,29,11,23,12,6,7,15,4,13,9,11,24,16,7,20,7,9,0,6,21,16,13,26,24,25,21,3,16,14,11,15,17,13,12,11,23,15,22,6,16,18,11,6,9,23,14,17,10,21,15,15,18,15,29,15,9,15,16,15,11,12,15,17,4,19,30,26,18,22,18,12,14,16,22,27,9,9,4,21,21,13,3,18,15,11,16,10,10,31,18,11,19,8,20,19,16,18,13,28,20,15,19,15,21,18,24,36,19,16,14,32,10,18,24,18,8,33,16,4,11,19,5,13,14,10,12,18,15,16,15,9,17,7,34,34,12,51,17,40,17,43,37,31,41,11,45,37,24,59,20,31,32,29,28,15,36,17,36,29,18,37,48,46,16,14,24,44,16,21
6,250x740,12,14,13,5,8,72,37,38,29,23,11,14,33,14,12,18,10,17,15,43,18,12,6,3,30,8,23,6,22,10,32,24,30,41,5,4,10,8,13,14,7,14,4,27,21,18,34,19,12,10,20,12,14,33,32,24,17,14,9,28,16,14,18,26,6,16,17,8,13,10,9,21,12,35,16,24,21,4,8,12,4,7,41,5,17,18,19,10,10,18,5,3,19,10,13,12,20,8,21,18,18,10,30,19,18,11,21,22,11,15,8,30,29,29,11,18,11,2,25,3,23,10,4,19,8,17,28,20,7,11,4,29,13,48,2,11,2,15,7,7,27,22,16,24,10,19,20,16,21,21,59,18,8,28,7,13,14,19,21,19,11,6,16,17,28,30,11,21,41,35,3,29,25,10,21,12,25,19,14,13,9,16,12,11,16,17,51,7,13,14,15,7,19,18,17,9,18,25,27,19,21,13,18,25,29,20,21,25,18,22,27,11,16,25,32,4,40,15,44,9,45,31,14,38,7,46,25,26,97,18,22,30,47,30,9,37,12,28,30,14,25,45,32,15,11,25,24,2,34
10,352x754,24,7,9,7,11,39,23,41,15,18,33,16,15,7,13,10,12,14,10,20,17,10,10,13,24,5,8,10,22,11,45,16,2,8,17,7,18,14,2,28,5,23,10,32,11,11,20,9,10,21,15,9,10,11,16,7,17,13,14,5,14,12,17,8,5,5,15,15,15,14,26,20,17,28,14,11,18,5,8,16,21,23,19,26,11,10,11,5,10,23,12,5,17,16,18,20,9,17,6,3,24,17,14,18,25,16,16,0,25,34,22,16,18,11,13,21,15,20,15,14,7,35,12,8,24,6,29,19,33,9,3,17,15,16,9,4,6,16,12,4,18,11,10,7,8,21,15,22,11,11,15,15,12,31,2,8,5,7,23,14,11,15,8,27,23,11,10,19,13,22,7,24,15,17,11,13,8,8,24,13,26,5,7,13,26,19,16,7,11,14,13,15,37,12,16,13,26,23,7,33,9,7,31,12,8,26,30,17,9,10,7,10,4,29,38,8,64,21,34,19,36,34,24,56,6,29,19,23,70,16,26,27,39,33,8,39,15,39,29,18,37,32,30,35,15,16,28,17,25
12,820x244,8,13,2,12,6,30,14,10,2,8,14,14,5,4,3,16,9,9,2,4,0,20,14,11,11,11,5,8,11,5,8,4,11,8,15,0,8,11,4,7,2,1,6,11,6,4,7,2,4,13,15,4,1,1,19,18,18,5,3,5,8,13,2,6,9,3,3,5,7,8,16,10,7,7,3,5,5,2,0,12,0,9,2,6,3,8,14,11,7,8,7,2,8,3,14,4,2,0,0,6,6,6,5,17,3,12,11,1,8,7,1,21,15,16,10,15,5,2,7,6,2,13,6,8,4,2,5,9,6,3,2,32,8,17,5,9,0,3,2,8,0,8,12,4,7,11,20,5,7,6,15,1,2,8,15,5,1,1,3,7,10,12,14,6,10,7,10,5,22,9,2,8,24,6,10,12,17,18,18,16,14,11,4,2,13,16,15,3,5,4,3,3,1,11,24,4,14,2,4,10,3,6,10,3,13,9,12,18,21,7,28,18,3,17,10,1,11,8,10,13,14,9,6,13,8,13,19,5,11,7,13,9,23,23,8,24,15,14,13,5,16,25,15,24,7,3,38,9,12
15,262x468,21,3,18,2,39,82,38,18,18,26,23,28,27,14,13,9,15,18,20,33,35,27,3,15,27,6,13,8,26,23,18,15,17,18,19,16,24,59,16,38,11,28,14,28,17,17,12,11,15,20,8,28,13,28,22,18,11,8,16,10,25,22,18,29,5,6,21,18,18,17,16,15,11,9,25,16,18,8,14,15,10,19,22,10,8,16,32,6,7,53,6,8,26,26,38,9,32,24,14,27,32,17,14,19,21,16,24,18,12,43,12,16,18,25,40,9,20,32,26,23,16,19,12,23,24,15,19,7,32,10,25,23,33,12,11,19,2,28,8,11,18,26,8,15,25,7,10,30,19,26,45,28,4,12,4,14,16,32,18,8,12,22,32,24,25,19,12,23,47,11,14,15,49,19,6,16,12,14,23,20,23,15,20,6,19,46,18,13,4,12,30,29,18,34,15,18,22,13,8,34,7,24,42,9,11,31,23,9,31,16,32,10,6,33,27,8,47,25,41,19,32,25,22,41,13,31,41,31,62,21,79,31,34,29,15,32,17,34,24,28,35,52,38,22,13,21,71,55,26
17,752x690,33,12,29,31,56,115,30,48,35,48,28,20,29,48,33,25,22,12,21,47,26,21,42,34,40,35,40,12,33,19,71,22,36,53,32,17,42,47,26,35,21,54,19,55,31,32,48,34,25,53,31,21,37,31,32,55,38,34,39,31,46,19,24,23,44,23,28,29,26,31,48,36,43,41,19,20,17,18,12,30,37,28,31,11,17,48,15,26,43,37,35,22,18,15,33,24,17,15,14,25,25,13,38,31,18,26,33,18,29,38,28,36,33,69,39,24,30,30,27,24,26,49,26,37,28,33,30,27,49,47,31,18,24,30,26,32,29,24,17,34,42,29,25,46,15,42,24,50,31,46,65,25,25,33,25,29,19,18,33,34,32,19,17,42,37,34,37,20,49,47,66,21,47,31,8,66,22,46,23,52,26,25,25,37,29,27,58,38,22,13,22,16,32,57,48,31,35,36,25,27,16,44,34,34,42,26,46,46,38,41,37,26,22,65,72,25,121,34,90,19,69,50,27,72,23,95,59,51,117,40,44,44,55,63,29,92,51,56,53,46,56,68,68,30,27,61,83,20,55
18,700x716,18,9,14,14,20,51,22,26,24,17,16,16,17,21,16,7,8,22,16,13,21,12,21,17,14,12,20,19,12,16,35,17,14,30,10,11,13,68,6,22,7,37,27,21,14,11,26,3,6,7,27,8,1,14,34,17,35,6,13,31,34,16,12,7,10,7,16,16,26,2,22,17,25,20,18,9,12,23,26,16,24,14,18,7,26,18,10,7,2,31,13,7,38,9,15,17,15,19,18,11,6,28,13,12,28,20,33,23,3,16,25,9,23,14,12,13,23,22,12,8,17,23,7,19,21,8,16,3,14,13,8,14,16,20,21,19,19,19,6,11,22,10,10,9,21,5,14,27,11,10,13,13,12,12,17,3,8,5,25,15,13,2,20,5,30,28,5,26,31,11,31,23,53,11,9,35,19,12,9,14,22,10,16,25,18,6,19,8,8,12,11,11,21,42,34,16,18,10,6,33,14,24,17,6,29,20,2,19,25,12,26,9,26,24,33,4,52,16,31,10,27,26,13,24,7,29,34,15,35,12,48,30,25,22,18,24,25,31,28,10,31,41,24,11,11,18,80,33,19
19,732x724,24,29,31,19,19,55,23,35,12,17,9,23,21,2,20,25,4,24,13,12,21,24,31,11,14,17,15,11,29,5,27,26,10,23,31,12,25,17,14,17,12,22,18,29,14,10,19,12,9,32,34,14,8,8,23,21,8,16,11,13,21,18,8,13,11,13,33,23,13,36,29,16,14,19,9,14,12,12,16,17,10,15,19,15,21,23,19,10,10,25,7,20,12,6,26,23,15,17,3,16,24,19,35,27,15,39,15,22,12,15,27,21,25,15,27,12,22,15,21,12,26,17,16,12,19,20,18,10,50,24,16,13,17,31,10,11,16,16,23,23,31,9,23,27,9,45,45,11,17,25,33,13,18,20,11,18,8,23,20,15,13,18,6,15,15,20,15,24,31,18,22,31,31,12,19,26,19,10,29,25,21,14,9,20,17,23,21,15,16,12,21,13,21,15,17,2,28,18,22,28,19,14,30,24,19,26,19,11,16,26,16,20,13,30,39,5,53,19,64,16,34,38,25,27,12,42,46,36,36,15,15,29,26,29,15,39,30,48,31,21,31,41,37,20,17,23,36,10,24
21,234x558,20,12,8,11,35,60,20,17,18,18,22,29,6,3,24,12,4,30,4,14,7,22,7,8,10,29,13,14,33,18,18,21,3,15,3,6,21,14,14,17,19,16,8,39,8,16,14,12,42,30,16,11,24,12,15,27,18,15,7,21,19,20,23,42,9,10,16,11,17,9,12,31,17,21,3,27,11,1,15,16,21,17,16,4,3,7,14,22,4,28,12,13,12,15,10,16,10,4,16,12,5,19,23,24,28,5,6,6,26,10,3,23,14,8,15,8,11,15,6,17,12,13,20,17,22,21,16,5,19,15,10,28,17,9,13,12,8,22,0,27,15,18,1,16,22,40,23,36,7,15,25,1,9,29,25,6,6,18,15,3,11,12,2,22,10,6,10,8,22,29,3,2,36,12,3,33,50,15,20,40,6,17,12,19,25,18,32,20,10,6,17,14,13,31,21,15,25,2,3,43,10,8,13,25,28,27,14,18,6,15,22,9,16,7,21,3,37,13,19,9,30,28,19,28,11,35,24,16,66,19,24,17,29,32,17,43,22,22,19,15,31,43,25,23,13,18,45,14,26
22,390x582,13,30,17,20,29,108,25,34,16,26,15,20,27,16,20,15,6,30,29,25,31,37,16,22,20,16,27,22,32,12,47,36,7,32,21,22,14,11,18,29,6,37,39,35,19,22,29,21,15,19,40,7,16,21,48,34,12,14,33,28,9,32,22,14,12,19,31,17,36,19,12,29,16,29,18,24,10,8,9,24,14,21,44,10,8,20,26,5,14,43,9,22,20,39,17,14,25,20,13,16,19,11,37,22,23,13,21,25,10,28,17,19,26,19,36,15,28,40,45,30,20,13,6,17,20,21,12,10,42,10,26,26,25,30,12,13,6,19,8,22,26,19,14,8,13,49,13,21,21,24,50,19,17,19,7,52,14,23,11,17,25,26,6,25,11,27,17,9,24,50,16,33,11,39,15,24,40,22,28,15,30,10,23,20,21,41,29,24,23,12,27,14,42,32,30,24,34,21,18,39,29,19,16,38,19,15,27,19,14,19,13,20,7,24,59,11,74,32,50,23,46,49,33,68,14,60,61,38,103,18,26,28,41,50,16,67,20,54,37,26,62,47,57,30,14,26,31,12,40
23,646x636,37,17,14,37,107,76,22,70,26,33,55,44,40,43,27,28,31,25,30,34,43,31,47,22,35,11,15,15,33,30,63,52,34,72,37,27,43,14,43,51,20,46,27,40,28,42,48,20,28,19,52,54,50,32,34,42,44,33,23,21,11,43,30,37,26,34,39,41,37,24,46,19,38,41,43,28,33,20,24,18,30,23,17,26,37,38,20,18,20,32,6,13,40,25,47,34,17,30,19,24,25,41,38,23,51,14,24,36,42,22,16,21,42,43,26,44,26,49,33,42,60,41,30,23,29,36,42,39,56,33,19,32,23,32,22,23,11,23,19,32,18,17,30,44,40,40,28,25,29,36,107,51,46,36,19,58,15,30,56,23,38,15,24,39,34,53,59,29,76,37,15,60,53,10,26,45,20,40,37,47,57,16,21,23,23,25,60,19,30,37,27,26,53,30,42,37,24,28,29,34,20,21,52,17,14,32,40,36,64,25,32,22,38,39,106,21,122,39,88,32,76,74,41,81,35,90,72,62,129,29,53,49,65,61,25,83,36,66,53,51,72,83,84,34,37,52,53,8,56
24,614x704,16,12,18,5,20,34,5,36,2,11,27,4,15,6,8,16,29,14,13,17,9,17,12,9,32,3,26,19,10,4,22,9,12,11,5,7,13,26,13,7,12,32,18,7,8,0,13,0,12,27,9,9,17,24,22,31,26,11,16,8,25,26,14,10,12,12,18,9,31,3,9,14,1,30,15,9,18,14,14,22,23,17,38,3,8,22,12,12,0,18,10,4,16,22,17,5,16,10,13,20,10,24,2,8,20,7,24,12,18,10,8,16,20,24,14,14,4,0,17,22,9,6,12,20,14,13,19,8,14,10,17,14,19,15,8,20,9,1,17,7,1,13,8,12,5,18,23,29,13,14,18,15,15,14,14,19,11,17,21,5,22,4,12,29,20,15,10,7,33,22,20,17,8,7,9,17,6,37,11,15,14,18,11,9,20,11,18,3,10,3,12,6,3,16,15,7,21,8,12,19,19,12,10,21,10,34,39,23,12,26,21,15,21,12,27,4,39,9,12,8,34,16,11,30,9,35,28,14,26,10,26,15,28,25,14,37,17,36,17,16,27,47,33,55,12,23,39,12,22
25,546x766,9,11,17,8,14,51,4,13,10,11,9,7,4,15,10,15,6,12,7,18,14,8,0,20,4,4,5,10,21,1,11,10,2,15,6,7,14,9,2,10,5,5,10,10,6,10,3,7,6,18,9,12,5,20,11,18,8,18,7,15,4,15,5,8,16,8,9,7,23,0,9,15,10,8,16,6,8,10,19,6,4,17,1,12,8,24,17,17,8,8,11,8,20,6,14,4,9,5,4,13,0,11,10,33,24,26,2,13,7,11,0,1,20,15,8,22,9,11,7,20,6,10,13,5,10,3,6,0,26,0,9,0,13,24,5,2,14,2,5,10,16,14,10,0,6,17,7,18,15,29,18,11,7,22,5,11,9,13,10,13,13,0,30,9,25,4,14,17,17,9,8,8,4,17,9,5,11,5,10,9,0,8,11,8,24,9,3,6,1,5,13,10,2,23,11,7,15,4,9,18,16,8,9,10,7,9,14,6,9,7,8,17,0,19,9,5,24,13,18,13,20,20,6,23,14,21,18,12,27,15,5,12,20,17,18,25,11,9,10,3,14,21,22,14,4,12,30,3,18
27,360x588,18,9,20,9,12,46,17,13,10,12,16,3,9,9,4,11,7,22,4,11,4,28,13,9,15,7,5,14,10,3,19,15,9,25,8,6,7,12,8,22,3,42,9,34,9,9,6,0,2,6,18,6,16,11,17,10,5,9,17,15,9,8,24,8,10,10,4,13,7,3,7,15,7,16,18,7,21,12,14,11,10,4,6,8,7,12,15,5,10,8,8,4,16,13,13,1,11,19,3,15,14,7,24,8,14,8,11,5,12,0,9,9,5,19,21,8,1,24,6,9,10,18,5,9,3,7,39,7,16,7,8,4,6,11,11,0,6,16,4,6,9,21,6,16,4,6,14,11,20,7,21,10,3,4,8,10,1,18,4,5,5,6,3,5,7,12,2,12,11,9,4,11,9,11,2,2,11,4,9,21,11,7,20,5,19,23,13,5,6,17,6,4,17,16,3,11,13,16,22,15,4,5,19,8,15,12,15,13,18,19,9,13,4,22,24,3,31,14,25,5,29,12,12,33,5,42,18,21,46,10,17,20,12,15,7,27,10,21,16,22,21,18,24,17,4,23,6,4,8
30,710x420,8,14,11,26,22,58,18,16,7,9,14,18,20,13,10,14,8,14,20,23,6,24,15,22,14,2,19,9,26,10,25,17,13,47,8,13,6,18,13,10,8,25,13,23,2,16,30,1,7,19,28,8,10,7,26,7,18,7,12,11,18,7,16,14,13,11,21,11,20,7,22,23,29,34,22,15,13,4,16,17,34,8,20,18,11,14,10,5,12,16,15,10,13,7,11,8,15,21,11,28,13,11,18,11,7,10,26,21,11,9,10,7,5,10,17,23,5,12,6,21,11,19,8,8,8,15,25,2,37,20,14,14,7,15,2,18,18,22,8,10,5,13,19,8,14,8,6,33,9,20,21,17,4,19,11,24,24,7,7,20,10,9,8,11,15,17,17,20,20,12,16,26,20,30,10,9,23,24,18,7,9,21,15,21,29,19,10,11,14,4,26,11,15,13,20,15,19,26,10,35,13,13,13,10,34,25,13,5,14,24,9,22,13,15,43,7,32,13,36,17,24,22,13,16,9,33,27,15,63,21,19,27,40,20,20,38,16,25,18,27,23,31,31,5,16,23,38,6,23
32,780x342,18,23,38,26,43,79,13,46,20,26,30,33,17,20,9,26,10,4,23,42,18,27,21,28,25,21,17,39,38,20,62,28,10,26,14,26,36,10,30,43,25,30,29,24,28,8,35,15,11,24,29,32,17,27,33,38,10,15,40,9,28,36,15,19,41,15,20,34,35,5,50,37,32,45,39,13,25,16,19,12,15,38,16,23,41,28,15,19,10,35,13,22,10,7,27,12,23,15,21,17,28,25,22,10,13,13,20,21,19,12,28,25,35,8,21,43,22,10,20,29,27,21,18,30,12,40,31,17,29,11,15,15,42,13,26,18,6,24,1,19,19,33,22,30,32,17,25,29,19,28,66,11,13,33,16,30,13,20,33,15,38,27,42,20,15,10,28,31,30,16,21,32,38,11,8,9,39,6,26,58,32,28,19,20,17,9,37,31,12,13,19,9,44,41,25,21,19,14,16,29,7,8,20,34,38,26,29,19,23,26,28,10,24,54,60,11,87,19,58,25,46,41,28,55,16,64,57,40,115,26,26,32,60,42,23,59,27,62,32,36,49,61,48,24,25,33,34,8,39
33,542x424,22,15,11,14,27,61,19,26,22,22,20,34,18,19,17,6,7,10,20,19,13,26,8,20,18,6,6,17,30,6,23,24,6,17,12,11,11,8,31,23,12,13,14,21,13,16,14,0,26,21,26,17,14,13,27,16,14,14,22,6,20,11,24,18,13,4,22,42,16,17,16,31,10,33,20,13,8,21,19,6,16,16,9,11,3,10,11,4,22,17,3,2,20,17,22,10,12,19,11,13,24,19,25,23,23,2,2,17,7,13,13,28,13,12,23,10,9,21,10,30,8,20,13,15,18,24,18,10,25,15,35,15,20,25,14,9,3,9,5,30,11,16,13,19,6,12,12,26,15,8,9,10,2,31,2,9,7,9,13,38,17,14,11,34,12,18,11,9,21,23,30,30,17,19,5,4,11,7,16,8,12,13,28,15,15,6,15,22,8,11,16,13,7,14,21,21,7,19,17,28,10,10,9,17,10,4,21,22,12,8,18,10,11,22,31,7,40,10,30,13,26,30,13,31,16,39,32,20,51,13,20,31,27,17,27,37,21,36,27,29,30,39,40,12,22,19,36,8,24
36,554x714,11,4,11,0,14,55,8,20,7,34,6,4,7,18,29,7,3,7,4,15,7,9,18,11,9,4,4,1,11,3,25,15,4,7,4,2,4,13,15,11,14,16,13,14,10,12,20,10,7,9,8,10,2,18,8,10,5,14,14,19,0,15,8,20,15,5,16,8,15,7,16,20,6,11,8,6,12,13,10,9,11,3,4,6,4,17,8,1,6,11,6,13,10,17,7,12,16,13,3,10,13,8,11,7,6,3,15,13,18,7,8,18,10,13,11,10,6,22,8,17,5,10,10,12,16,7,17,13,20,4,14,3,8,8,4,10,9,1,0,12,1,15,7,1,11,20,7,20,28,22,12,12,11,19,17,10,7,2,7,8,10,8,2,14,10,19,25,5,5,14,7,14,8,6,5,10,19,3,3,13,7,7,6,13,8,18,23,12,10,2,9,12,8,18,24,7,28,7,13,13,16,14,4,13,19,11,22,9,10,17,34,13,12,14,15,6,26,6,22,13,22,18,10,24,9,24,18,12,19,19,17,9,23,19,16,15,13,25,18,10,17,30,27,38,7,20,29,13,10
38,466x564,33,12,32,26,35,135,20,70,15,51,43,41,24,28,28,34,21,30,35,14,20,32,40,20,40,25,9,13,48,19,44,20,11,37,26,11,19,15,19,23,16,48,20,33,11,21,42,14,20,19,26,16,24,22,30,43,11,22,16,18,18,18,34,20,10,29,31,21,35,19,31,41,37,39,29,25,22,27,31,22,27,12,43,10,7,32,16,19,20,25,28,22,31,20,28,28,19,20,11,22,27,16,30,30,27,21,33,28,26,17,10,31,27,17,8,31,24,39,33,44,20,27,17,53,26,19,45,33,43,42,29,35,28,35,12,33,22,22,14,15,21,21,17,39,19,25,30,32,41,25,53,11,15,31,10,27,4,19,42,19,16,13,19,36,14,32,38,28,39,50,9,35,49,20,27,26,50,23,37,48,29,16,23,31,28,35,48,12,38,13,15,19,22,38,26,24,32,16,20,29,24,5,12,15,19,38,24,32,8,34,36,16,22,42,68,9,73,21,67,25,70,36,31,58,19,51,41,48,127,26,33,41,58,38,31,73,35,47,45,44,53,68,53,16,20,41,26,7,34
40,468x476,11,0,11,12,17,67,14,35,16,9,19,17,14,11,32,28,11,13,2,12,19,4,3,9,34,9,18,8,30,13,46,12,9,33,11,4,16,24,14,16,10,44,9,28,8,18,12,4,11,23,8,25,26,20,19,34,18,7,9,10,11,16,19,21,11,7,13,9,21,11,15,20,21,42,12,17,15,3,14,13,29,7,9,21,18,23,12,10,9,40,12,13,16,3,30,17,19,18,7,26,10,25,11,17,17,13,26,23,23,11,24,17,16,18,15,25,30,32,19,25,15,9,9,15,17,22,21,23,51,21,11,17,19,21,17,8,11,24,8,9,10,16,7,20,10,10,20,27,37,13,21,18,5,18,9,16,6,9,26,13,12,16,20,26,10,11,9,18,10,19,19,17,20,11,18,28,20,15,31,21,19,14,12,21,23,21,25,20,13,17,18,14,26,23,34,1,21,9,23,28,2,19,21,5,22,36,22,12,22,10,6,14,14,36,34,8,47,17,37,18,44,26,14,28,28,61,30,17,64,13,22,19,32,20,17,32,15,44,22,24,32,53,51,24,10,24,41,5,33
41,430x484,46,16,15,19,43,127,21,57,30,41,45,22,16,36,9,33,20,8,23,39,30,44,29,16,32,32,17,25,38,33,59,64,13,48,34,16,39,18,18,25,24,31,20,89,22,12,21,20,12,42,35,25,27,32,44,37,13,28,38,24,27,30,17,30,35,27,39,36,54,11,28,28,31,59,47,7,35,27,37,40,28,22,19,18,12,44,31,25,41,38,19,22,21,16,20,19,33,24,15,21,20,20,33,20,39,37,27,20,26,24,20,11,28,17,22,18,19,50,31,26,27,31,17,50,28,22,22,15,57,32,28,34,23,28,21,27,27,22,23,18,28,35,13,36,19,23,17,38,30,16,59,31,11,21,27,24,11,16,41,38,25,11,36,19,8,28,52,31,31,43,19,31,38,21,27,25,40,17,44,44,33,10,23,37,28,41,31,22,25,27,32,13,28,39,32,23,55,25,24,39,25,30,29,50,22,60,22,26,44,25,29,42,21,39,75,16,85,30,46,31,60,50,37,94,15,63,76,50,138,38,30,38,53,57,17,74,30,64,43,38,65,77,78,20,20,35,49,16,52
42,268x634,46,22,20,30,40,86,25,64,22,29,57,41,41,28,7,22,16,29,35,39,17,29,19,34,26,17,11,42,30,30,53,38,16,37,33,2,22,21,22,44,16,40,32,23,19,37,28,16,15,12,32,23,49,38,50,32,19,31,44,29,20,36,31,40,29,28,10,50,32,29,27,36,44,46,34,12,29,32,13,26,16,15,27,7,19,31,8,26,16,21,32,7,30,10,31,6,18,28,18,25,41,15,35,31,36,22,30,29,28,15,22,32,12,46,15,38,27,34,24,46,22,25,15,33,17,24,25,26,47,36,22,35,18,31,10,40,16,24,17,15,20,20,29,23,28,20,36,20,22,28,64,18,18,38,6,37,17,28,15,16,17,28,31,31,16,16,4,16,42,29,21,45,32,27,26,40,55,31,61,37,32,13,22,23,21,34,59,40,21,21,34,24,36,22,86,17,29,17,36,53,20,15,24,41,22,36,24,27,35,13,37,22,40,65,69,13,98,18,81,29,86,45,26,55,15,68,54,46,156,25,28,53,71,65,25,64,27,48,56,37,53,46,57,33,34,45,29,7,32
46,714x592,17,10,23,17,18,59,9,22,12,16,2,24,3,27,30,32,15,2,2,20,13,34,1,26,8,13,13,21,28,15,9,11,21,15,19,16,22,12,10,10,6,21,26,24,13,22,49,0,4,11,22,13,5,17,38,21,16,25,23,15,22,21,15,16,19,29,9,13,15,30,8,15,11,13,26,14,18,12,15,19,8,26,10,15,14,20,7,19,17,14,21,10,12,7,21,14,13,15,8,3,29,18,22,20,20,22,15,9,3,31,17,19,17,22,22,30,12,15,28,13,9,33,19,13,18,15,5,14,19,6,32,35,15,21,6,7,30,29,14,8,13,36,3,30,30,21,17,21,16,15,35,19,14,20,20,19,3,9,24,32,26,12,7,21,20,16,27,32,25,9,11,22,27,8,13,22,20,20,16,17,24,28,40,38,10,6,16,9,9,1,35,5,23,4,23,6,40,17,23,27,11,10,34,23,22,41,19,6,26,24,33,14,6,44,24,26,35,12,41,14,33,18,8,29,16,30,34,15,52,30,18,23,30,21,23,33,21,32,26,21,26,53,39,18,19,15,50,11,27
48,256x702,23,18,43,27,17,80,15,50,31,43,15,19,14,21,11,30,9,27,17,20,8,18,22,22,12,3,16,19,30,28,70,12,15,51,16,11,26,9,9,22,18,21,8,41,8,40,39,15,7,7,76,19,27,15,55,25,14,21,37,6,16,17,21,34,15,7,5,27,6,20,22,25,20,28,31,18,26,7,10,20,29,24,40,25,25,16,26,11,18,26,10,13,12,13,31,21,29,13,17,10,27,21,33,23,24,26,16,19,4,25,15,20,31,21,10,15,29,19,22,38,11,31,13,11,26,30,24,22,37,21,23,22,47,27,35,23,18,41,10,11,24,22,23,39,9,55,26,19,20,26,63,14,21,22,10,23,6,16,23,29,18,18,26,25,11,22,15,28,24,25,11,11,34,19,20,12,23,20,17,29,31,5,6,22,20,22,25,18,11,21,23,5,22,41,38,29,38,24,19,21,6,22,32,23,31,22,9,17,28,15,24,19,27,33,58,8,86,31,61,20,58,45,28,67,11,55,44,47,118,19,20,29,50,49,17,55,27,61,34,32,46,43,46,18,16,28,15,3,32
49,464x702,7,10,15,19,30,51,28,9,15,41,29,24,15,7,16,6,15,25,12,16,17,16,8,7,29,13,8,29,12,25,32,22,5,17,2,1,31,47,21,14,2,18,25,25,7,14,8,2,8,9,15,19,15,12,12,20,7,10,15,14,21,31,25,14,20,16,27,18,21,16,2,25,9,20,16,19,24,16,9,14,30,15,10,11,8,10,14,10,9,8,26,3,10,17,19,10,30,9,10,9,27,6,12,11,18,28,19,19,8,22,26,20,21,37,11,24,22,14,24,35,22,28,3,23,9,16,23,11,19,16,21,23,16,18,7,21,21,4,3,15,15,22,17,10,13,9,14,13,19,8,41,12,15,10,15,6,12,7,28,13,17,9,27,11,35,25,19,9,22,28,13,26,21,30,10,15,15,11,12,25,34,5,36,15,11,21,21,6,11,5,16,6,10,26,25,27,8,13,7,17,17,27,57,30,19,8,13,15,34,19,30,12,7,25,31,5,57,18,20,19,29,39,18,34,10,30,24,19,42,15,96,23,33,29,17,29,27,25,20,15,24,43,39,16,21,15,50,45,28
50,692x328,6,18,7,8,21,36,9,31,8,1,8,12,8,14,17,8,10,2,17,16,6,8,17,6,6,5,9,13,16,11,17,14,9,17,8,4,13,3,3,13,14,19,18,27,11,20,8,1,4,34,14,4,16,18,10,12,28,3,7,0,14,15,14,9,16,12,11,9,18,3,28,17,11,30,8,7,3,6,8,15,5,8,16,8,10,15,6,6,5,17,11,14,5,11,18,1,11,5,12,10,4,5,17,9,8,8,9,4,9,6,7,10,8,18,24,14,9,34,5,17,8,9,18,13,8,12,15,1,33,8,9,18,7,12,4,7,5,16,3,2,18,18,6,8,4,12,23,10,13,16,34,1,18,23,5,6,9,1,12,4,17,12,13,11,11,10,9,18,14,28,16,13,12,7,8,10,0,8,27,17,0,4,8,8,14,14,12,8,6,12,14,7,17,8,27,5,24,4,8,32,13,6,14,9,4,4,15,17,6,22,11,14,14,19,28,5,38,7,22,10,18,22,6,22,7,18,23,7,49,13,8,11,29,14,9,25,10,17,18,17,17,39,13,22,16,24,25,8,20
53,790x560,26,38,26,23,33,51,11,38,13,36,16,40,38,33,38,20,20,32,23,19,15,35,11,17,51,17,25,23,33,22,35,22,25,23,11,3,31,20,38,40,12,17,32,56,28,23,34,16,30,47,14,16,8,49,39,39,28,21,32,32,26,13,11,31,31,32,35,21,36,14,47,37,24,29,17,14,17,10,26,28,27,28,15,20,29,26,16,11,22,37,11,11,18,16,31,11,29,9,16,38,33,14,28,29,17,30,43,29,20,7,45,22,11,43,17,34,10,31,32,24,37,41,25,26,14,36,34,13,37,22,32,26,37,24,9,46,15,11,14,21,18,10,25,14,35,21,48,31,31,18,36,21,3,34,12,28,6,6,37,10,20,20,22,23,21,25,30,28,39,24,13,39,46,34,16,15,61,43,17,40,24,30,12,40,27,39,16,45,25,16,38,12,25,18,58,14,22,24,39,43,8,10,32,19,19,37,20,30,29,28,41,10,28,35,60,13,58,27,53,12,59,28,21,34,25,69,58,18,80,22,26,43,46,27,19,57,23,40,39,31,38,67,51,74,16,36,54,15,37
54,554x638,12,29,20,30,30,78,23,43,4,24,22,23,25,23,27,35,16,12,35,19,26,5,23,23,24,21,9,26,13,30,77,28,23,41,13,17,41,22,31,34,13,41,19,46,19,34,16,5,19,35,60,19,16,22,37,32,23,28,24,8,22,10,26,10,33,10,17,39,24,19,25,41,31,24,24,9,45,12,19,30,10,27,13,8,14,33,5,13,17,33,5,40,27,23,30,15,6,20,22,34,24,22,17,52,17,11,21,25,28,23,10,11,50,32,21,17,16,19,18,27,19,24,22,35,20,19,29,28,51,43,17,35,45,26,19,24,24,29,7,24,14,9,19,18,32,18,20,38,27,9,76,24,19,27,18,17,18,9,39,9,18,14,12,22,9,10,19,17,12,33,20,51,27,30,13,26,18,41,31,26,53,10,7,19,14,20,50,8,33,10,19,25,22,27,20,16,26,11,13,25,23,12,31,14,25,18,17,30,33,12,24,18,12,34,68,10,83,22,57,33,56,41,33,54,16,60,57,41,122,17,29,35,57,49,16,67,29,42,50,33,58,67,53,14,19,30,23,5,38
55,492x642,31,38,34,31,66,167,22,71,18,39,56,31,24,52,23,18,30,27,41,38,33,57,63,38,42,30,24,27,61,25,63,25,22,40,30,13,23,47,35,66,26,44,30,58,12,31,37,20,37,30,43,30,22,19,38,48,32,29,48,21,17,45,59,49,44,22,22,26,28,31,44,29,31,63,36,26,46,21,34,35,31,19,45,6,16,37,18,28,10,22,29,19,30,23,47,23,9,32,11,25,41,22,24,48,72,22,48,30,44,24,22,34,44,35,16,34,43,50,26,38,31,66,23,43,27,33,47,22,81,28,33,58,31,37,27,40,28,38,18,30,42,41,23,36,26,44,31,40,31,28,78,31,30,67,19,40,14,13,37,19,23,23,18,37,36,27,39,44,47,32,23,30,89,20,41,47,42,52,37,48,39,24,19,26,29,75,43,16,27,28,23,17,30,37,56,23,50,25,48,45,32,40,41,42,21,44,48,32,32,26,37,47,28,56,108,13,109,33,71,26,86,70,38,71,24,115,79,49,195,39,36,47,77,57,32,85,33,83,45,60,69,64,65,36,30,50,42,16,63
56,598x668,15,6,12,11,22,24,8,12,20,32,34,38,14,17,4,17,11,15,26,5,13,12,19,20,31,15,38,22,44,15,43,13,11,17,8,9,31,21,8,20,2,38,8,29,10,9,16,5,16,13,34,20,3,12,34,28,12,11,17,8,17,17,7,8,15,2,20,26,15,6,30,24,27,15,9,1,14,2,16,20,17,3,15,9,12,16,14,13,8,9,3,19,3,13,15,5,10,12,14,13,18,13,31,24,23,24,26,4,28,19,3,8,17,12,20,13,25,28,16,22,23,26,17,24,10,14,11,29,23,14,18,27,28,14,2,6,10,14,3,12,14,15,11,17,11,16,11,26,26,13,43,8,10,9,5,10,6,15,22,11,6,14,8,19,5,6,8,5,20,27,5,16,19,7,11,15,21,22,22,19,13,10,16,12,12,16,5,2,6,0,10,8,11,17,14,16,19,12,18,10,14,3,28,16,29,17,19,9,9,12,10,15,16,35,43,8,58,15,31,9,30,33,11,46,13,40,24,36,68,17,9,22,35,29,11,38,18,45,26,13,40,31,35,12,12,27,25,7,17
57,380x672,14,7,17,15,63,42,4,33,10,12,13,25,17,14,10,30,14,15,22,37,12,18,21,10,27,11,15,10,36,16,22,24,20,36,23,3,12,17,10,24,8,25,15,23,10,7,17,8,10,19,7,29,14,17,36,12,23,5,5,34,20,17,10,15,6,10,27,26,33,2,16,14,10,38,17,24,16,21,17,10,16,2,7,13,15,30,20,14,20,34,14,12,10,12,14,9,15,0,20,27,23,7,19,29,14,19,13,6,27,13,13,22,15,15,14,12,8,10,11,17,22,13,4,16,19,21,10,7,32,16,14,17,25,26,7,16,10,10,3,19,16,5,12,19,25,35,3,31,16,11,44,14,7,30,12,29,5,10,30,17,12,4,24,25,12,15,12,22,25,23,19,27,37,12,26,32,17,17,33,19,20,14,14,21,20,23,31,8,15,25,14,8,20,19,28,23,29,30,12,10,5,7,20,25,17,16,16,15,28,14,28,19,13,35,27,10,32,16,31,13,28,23,10,30,8,41,15,17,58,15,39,32,40,24,22,39,23,31,17,16,18,30,26,17,8,18,30,6,31
59,500x814,46,33,27,24,48,82,49,33,31,61,26,22,16,22,25,20,10,32,23,40,33,24,34,31,14,26,28,16,27,28,68,43,33,18,35,12,30,28,24,38,25,58,25,36,18,25,37,8,15,22,35,22,17,31,40,32,33,32,36,32,22,19,14,28,45,20,29,46,33,24,31,35,28,61,47,37,32,25,32,11,24,30,21,16,14,23,33,10,12,27,20,27,37,27,36,23,22,18,24,20,35,22,36,22,18,27,15,19,24,17,29,17,32,31,28,33,20,24,15,31,25,28,27,36,28,26,27,51,49,50,19,41,17,42,33,40,19,15,14,40,24,44,9,21,27,21,23,39,32,48,70,52,26,19,9,39,11,20,44,10,10,2,36,18,18,34,34,28,52,31,26,42,33,19,18,26,39,37,51,41,18,22,15,33,19,30,47,24,20,22,37,10,43,43,24,37,38,15,23,25,41,22,30,37,26,18,25,24,14,19,18,20,24,36,75,7,96,29,64,23,69,44,31,59,13,70,59,56,106,29,32,39,50,60,25,70,29,47,37,24,51,71,63,32,25,35,33,15,37
60,232x440,27,17,17,27,41,86,34,38,19,20,45,27,16,26,11,16,8,29,24,52,10,26,15,29,32,7,18,15,15,14,56,19,15,41,22,12,31,29,28,44,10,28,13,73,8,34,36,13,6,14,43,44,19,28,34,44,26,22,18,35,22,26,25,22,14,14,22,16,25,6,34,27,15,55,21,17,46,15,28,21,25,22,9,9,14,30,29,12,21,36,15,9,27,16,19,13,20,27,23,22,58,11,52,39,32,18,27,18,22,18,28,27,45,36,30,30,13,40,8,23,20,38,17,52,14,35,13,16,23,21,30,35,23,23,18,32,18,36,10,22,29,25,15,20,15,30,14,22,29,43,56,13,16,29,21,47,8,12,39,26,27,11,32,27,26,33,24,20,35,38,14,59,29,16,3,26,14,12,34,32,20,18,17,16,19,27,23,21,10,22,13,25,37,52,34,10,26,21,10,19,23,15,60,35,22,36,18,22,31,29,42,21,10,42,64,8,71,31,60,18,48,44,23,56,21,55,51,40,86,20,41,33,52,55,16,49,23,56,33,26,60,50,54,22,21,24,46,21,47
61,698x546,23,23,40,19,35,97,18,70,23,35,28,14,23,27,12,22,16,23,18,33,34,18,29,34,28,11,17,18,46,30,38,22,15,14,38,12,46,17,25,44,16,38,13,48,35,28,23,16,20,30,56,23,16,24,81,62,28,26,27,25,25,20,28,13,43,44,20,65,27,18,51,39,28,22,32,21,16,14,24,18,35,21,28,19,25,18,25,25,31,32,8,12,13,5,25,14,13,30,18,36,32,20,29,45,22,17,34,31,32,33,21,35,48,27,20,29,28,37,13,28,11,48,39,24,15,24,33,30,56,20,12,54,32,24,12,14,20,31,14,27,21,18,9,37,25,25,48,54,23,11,58,23,19,41,17,28,18,9,45,29,13,28,41,20,19,17,23,23,41,34,22,13,45,23,17,43,25,21,78,41,38,23,13,32,12,24,23,8,35,12,19,10,37,30,31,47,26,23,18,45,16,20,33,14,23,41,14,46,43,29,15,18,16,49,91,13,78,26,56,24,52,43,25,51,20,82,52,44,140,25,36,30,64,53,33,71,24,45,38,43,59,70,57,20,31,36,24,7,30
62,646x576,38,23,20,44,38,96,31,84,37,41,21,38,20,23,19,35,16,21,24,50,29,64,16,52,47,24,30,13,40,37,104,18,16,38,34,8,34,23,24,65,16,27,50,44,36,66,45,13,8,24,43,28,14,42,47,60,23,41,25,36,25,55,34,27,32,17,39,47,48,16,33,49,19,52,42,29,30,30,18,34,38,26,48,11,17,42,19,24,18,53,23,26,33,26,28,27,35,31,37,30,40,24,38,43,14,18,23,44,30,36,19,43,38,30,30,46,26,38,27,14,49,33,24,43,14,25,21,20,65,22,21,32,24,26,24,22,32,31,23,18,32,26,36,43,20,44,38,44,35,34,76,40,16,57,6,46,7,9,54,22,8,33,24,57,29,23,30,32,30,23,25,53,31,23,31,33,40,25,66,20,47,9,20,41,58,53,42,33,14,15,10,28,53,43,33,27,29,32,42,33,38,21,61,22,21,43,15,40,28,33,36,16,18,30,118,16,110,33,86,21,63,57,28,68,13,75,76,57,177,26,37,45,84,56,22,93,24,62,59,60,62,71,64,19,52,62,22,11,42
63,610x608,62,21,38,33,43,117,18,56,9,23,17,30,21,16,11,30,16,16,21,29,14,33,22,37,27,18,7,15,33,22,31,14,11,26,24,19,34,12,24,30,4,37,9,55,19,11,36,12,11,19,45,20,26,31,31,41,48,19,35,9,31,43,35,11,45,27,36,18,12,20,33,26,27,72,31,10,20,32,12,51,30,13,22,22,17,24,26,10,20,32,12,23,24,17,12,30,21,31,28,17,59,17,29,33,59,40,28,25,19,43,28,13,31,31,19,47,40,33,26,35,39,29,31,34,29,23,29,16,56,18,36,27,26,25,17,27,7,22,9,43,15,16,14,38,18,44,22,62,30,19,77,5,16,25,19,28,5,15,45,17,33,43,41,19,13,23,39,28,53,29,23,57,31,18,18,25,33,16,30,62,40,25,6,24,10,19,25,18,13,16,19,7,32,35,24,28,24,21,31,30,11,23,49,28,13,33,12,19,46,36,29,22,22,38,93,10,86,26,55,20,54,38,31,60,14,80,58,31,140,22,40,37,63,35,18,75,23,68,38,59,54,53,52,19,30,39,16,6,37
64,340x708,28,19,25,26,39,85,19,58,11,26,31,24,40,17,25,23,2,29,31,49,20,40,32,30,45,15,10,19,38,17,41,15,10,25,19,9,48,17,10,53,23,29,10,44,26,28,36,13,9,15,45,41,23,25,43,23,29,12,20,17,16,30,26,31,29,18,30,33,29,29,17,25,31,50,26,11,35,7,14,27,29,16,25,16,12,46,36,12,20,40,18,13,28,10,28,11,19,22,17,18,42,14,17,52,32,23,36,22,13,11,19,4,24,29,21,30,21,19,29,41,19,27,22,21,18,31,33,38,39,39,12,14,26,51,22,13,22,17,20,25,30,31,15,32,24,36,35,35,32,19,58,20,14,44,7,35,17,8,24,20,17,18,36,23,16,21,15,29,40,16,29,23,24,18,26,30,29,7,43,31,6,15,19,24,22,21,52,25,14,22,25,25,22,27,27,29,31,17,10,18,13,25,27,14,15,27,27,38,19,42,46,37,12,38,76,11,100,28,66,26,45,42,35,63,16,64,48,33,129,14,29,31,61,47,16,74,35,66,56,43,50,41,57,23,21,38,20,10,43
67,302x496,9,34,35,24,32,107,24,36,21,32,28,26,19,27,15,20,15,23,29,52,12,31,8,11,31,10,21,16,45,10,54,27,28,32,10,30,13,36,11,50,18,36,35,35,30,26,15,15,22,34,25,19,13,29,43,45,28,32,37,41,10,26,9,33,22,24,42,20,41,28,35,47,31,31,14,19,25,14,20,22,27,23,23,14,24,29,22,32,29,52,19,8,13,39,19,33,28,12,13,23,24,25,40,36,25,26,30,17,21,20,24,23,24,25,16,35,25,49,36,47,18,29,20,17,35,13,7,15,41,11,36,25,52,45,26,31,13,30,13,25,43,14,22,29,44,33,21,50,25,20,49,16,6,21,29,11,26,11,12,15,26,6,30,44,10,36,14,22,47,23,8,27,31,25,18,32,49,20,39,25,27,28,12,25,58,26,51,11,6,5,16,20,20,51,57,13,30,23,33,56,38,26,59,46,14,33,27,36,25,20,39,4,4,43,54,11,60,15,45,19,58,38,26,57,24,50,50,40,100,21,48,42,52,30,37,47,29,47,31,25,48,74,73,21,17,28,59,24,36
68,566x536,18,15,28,26,28,93,32,56,7,47,38,28,45,29,29,38,17,25,25,33,37,41,34,21,28,24,10,34,27,12,38,17,9,43,22,23,21,13,28,35,17,69,37,70,26,15,47,13,19,22,59,15,25,27,40,48,34,15,24,25,22,30,35,59,22,22,24,21,27,15,48,46,52,35,25,40,37,12,15,29,20,11,9,20,31,31,28,12,30,40,9,30,30,23,25,29,24,24,13,33,42,16,40,30,52,28,14,24,18,25,12,23,41,65,26,47,26,45,48,44,27,29,22,46,22,48,38,34,47,26,35,39,51,10,26,40,11,15,11,30,47,8,36,14,21,54,30,11,22,29,74,20,8,51,30,39,22,44,52,39,12,39,26,30,29,19,28,55,57,33,21,23,37,28,35,41,45,33,37,36,40,33,30,47,35,33,61,32,33,6,30,12,33,49,46,40,25,35,45,37,18,17,29,22,50,43,39,38,17,52,32,25,3,44,84,15,90,37,76,22,65,54,27,40,28,98,66,47,101,26,31,51,63,47,22,87,33,57,43,52,51,63,50,28,30,39,45,10,40
72,692x376,10,8,12,26,25,25,10,29,16,17,11,13,11,15,19,25,2,16,3,8,10,12,13,12,18,10,16,6,18,8,37,20,14,19,3,6,8,31,17,20,11,12,3,21,8,22,14,22,3,6,40,6,3,23,10,39,22,5,7,17,13,7,14,15,13,3,10,21,7,0,32,13,1,16,26,8,7,9,7,12,26,14,11,2,15,25,8,16,7,4,6,2,9,6,22,5,5,12,7,7,21,8,9,17,8,12,11,17,10,18,8,10,27,2,5,7,13,18,6,6,15,26,15,11,14,7,15,3,44,18,11,13,18,11,17,7,6,11,5,10,16,20,21,14,17,15,6,17,19,11,34,12,8,20,11,6,9,3,17,9,6,14,7,26,7,12,14,30,22,20,12,17,21,15,10,26,8,7,8,4,5,5,18,8,4,22,6,14,23,1,7,15,12,13,13,16,20,10,12,23,17,6,27,7,17,12,15,12,21,11,22,14,10,21,23,10,39,7,34,12,28,26,10,23,13,45,21,24,39,10,14,29,27,19,23,30,7,21,22,14,27,45,40,13,12,18,18,6,16
73,566x440,18,21,33,37,35,50,19,31,11,9,18,8,7,9,10,17,10,12,23,23,23,22,33,12,16,19,7,19,28,15,70,14,7,30,24,7,20,9,20,37,8,11,8,35,14,6,30,5,4,10,21,11,18,17,14,39,10,8,23,22,10,15,10,21,29,6,22,32,8,6,21,17,13,28,19,7,20,12,16,5,22,16,16,13,9,12,22,8,14,16,11,26,5,12,28,9,22,12,15,35,28,16,31,23,25,10,11,31,16,23,13,11,16,16,3,26,15,29,19,17,25,43,11,4,6,16,7,5,35,34,18,33,17,13,9,10,13,25,18,1,29,20,14,19,15,35,19,10,18,20,24,41,15,19,13,26,5,11,18,12,6,17,18,30,14,15,16,13,31,16,13,29,41,15,16,35,34,4,20,26,14,17,34,35,40,21,25,3,19,12,16,18,20,30,34,19,24,8,12,29,18,3,20,14,15,4,16,22,9,10,15,15,6,6,42,9,57,16,41,15,41,33,12,44,17,43,52,30,69,20,23,38,35,23,13,58,21,37,24,22,43,56,46,17,16,31,34,9,34
75,736x458,18,10,29,22,30,94,18,45,12,37,12,36,17,31,37,15,11,38,35,30,31,23,23,18,22,19,7,20,28,32,39,24,13,30,16,9,36,21,30,33,24,27,12,53,22,18,45,23,19,21,39,26,16,25,27,40,20,5,26,12,22,28,22,24,29,22,33,31,24,12,44,28,31,49,22,25,24,29,20,19,33,28,17,30,24,27,12,17,30,40,12,21,31,10,19,21,28,20,35,29,23,51,14,21,14,23,11,23,11,35,23,10,29,14,10,17,26,44,23,39,32,31,29,38,19,37,21,31,40,33,27,24,29,14,19,16,17,14,12,16,20,21,31,24,35,32,27,28,23,26,44,29,6,46,8,19,21,30,31,14,23,21,31,30,14,21,28,27,20,34,7,27,50,24,17,23,31,21,41,22,34,3,6,29,29,29,33,9,30,12,43,28,31,41,20,18,27,14,31,17,13,21,43,19,28,27,11,19,32,20,26,6,25,35,56,14,86,24,35,25,49,32,23,43,17,57,57,25,80,26,18,34,52,41,13,57,27,60,46,42,54,40,60,24,25,28,32,8,35
76,780x508,28,4,42,27,29,72,14,89,10,16,20,21,20,24,20,22,23,16,33,50,21,43,19,19,40,41,23,49,26,11,44,17,5,35,11,8,30,9,25,28,17,28,28,34,12,16,53,24,27,19,37,35,7,19,25,19,23,26,17,34,29,34,12,18,25,25,20,35,27,35,27,39,26,33,28,35,23,22,18,34,21,22,22,13,23,12,30,10,16,13,12,16,11,27,25,28,27,19,8,22,47,28,29,27,29,22,21,17,19,46,25,11,26,21,16,36,25,23,39,41,50,62,10,24,21,45,24,23,46,17,31,24,16,24,16,18,7,13,16,13,47,22,22,21,24,40,11,17,22,21,37,7,17,43,13,17,8,13,42,16,12,25,17,29,28,23,26,34,54,25,27,48,22,24,16,22,23,21,25,36,24,20,13,20,48,44,40,11,29,17,24,17,43,36,44,16,31,12,50,37,24,24,34,22,23,34,37,19,25,17,29,20,13,38,63,22,68,21,40,29,56,41,24,44,20,78,53,45,78,19,21,30,50,34,11,62,23,44,37,35,51,49,41,48,23,35,26,14,33
77,750x540,15,14,9,21,27,26,14,25,11,21,11,14,12,18,15,31,5,8,14,27,26,8,13,17,10,16,7,19,14,12,37,22,12,17,8,8,29,9,18,41,11,13,17,9,8,5,30,16,5,16,35,28,13,8,33,29,16,11,21,5,5,17,5,10,19,5,10,10,6,17,24,25,18,25,23,17,9,10,14,16,10,26,5,8,11,10,8,19,8,11,13,6,9,3,13,30,22,26,4,13,10,12,7,18,13,5,17,26,6,13,22,7,14,27,16,9,19,24,13,22,15,18,23,18,5,12,19,6,48,17,27,17,32,7,14,9,23,8,3,6,8,5,16,9,6,29,20,19,12,19,31,10,15,14,15,12,3,21,19,6,8,5,9,9,18,6,16,27,20,19,11,20,28,18,13,13,14,17,17,15,34,7,4,25,11,23,7,14,7,2,16,9,7,21,14,4,11,13,20,10,21,15,32,16,4,11,15,13,30,13,15,27,6,23,43,5,49,14,32,11,36,21,15,40,13,45,33,34,50,13,20,27,36,25,23,46,13,35,21,21,50,41,37,7,30,30,9,5,23
79,534x586,30,15,28,21,46,127,38,33,14,36,50,35,19,17,24,42,53,32,12,54,27,26,13,28,40,33,21,35,34,20,81,29,15,43,17,20,21,30,23,30,12,23,14,43,17,27,22,23,17,15,43,13,19,26,43,55,16,14,39,17,11,46,25,54,23,14,31,35,30,29,38,62,20,63,29,27,18,21,27,28,19,17,28,18,19,22,49,16,20,48,15,18,31,21,34,16,28,25,14,18,45,24,26,20,29,18,29,27,23,28,21,21,18,51,23,34,35,40,31,55,31,30,20,29,15,29,40,31,66,22,25,39,24,33,26,25,26,20,20,25,35,26,36,30,22,34,27,25,27,41,86,15,18,44,25,19,19,22,17,14,24,41,19,53,29,28,37,17,51,19,13,63,24,18,20,18,26,27,44,40,21,28,13,32,39,21,35,29,25,17,20,27,51,43,36,36,18,17,34,27,28,13,50,31,19,11,22,30,31,37,18,30,34,40,95,10,81,24,68,14,52,41,25,63,23,86,85,53,191,20,36,43,91,53,17,95,25,76,44,67,46,71,56,23,28,39,16,10,54
80,476x448,14,30,29,21,38,44,26,60,26,14,27,18,19,25,18,11,2,31,20,29,36,23,18,30,10,15,27,13,27,32,61,35,18,26,28,15,15,12,11,30,8,26,18,37,3,22,24,15,3,18,43,19,12,21,29,29,23,16,12,43,19,30,16,39,22,4,24,15,34,14,27,24,22,60,32,19,24,24,17,11,28,8,14,19,37,24,11,12,14,33,3,18,19,12,37,21,22,14,22,17,39,21,35,39,22,11,19,36,17,36,25,12,24,25,9,13,16,24,28,18,17,23,26,19,18,17,22,31,39,22,23,27,41,38,13,13,20,15,19,18,13,32,15,29,29,40,19,19,27,7,19,23,13,15,12,4,8,20,20,18,32,29,18,23,17,20,18,37,34,16,23,30,19,17,21,29,25,18,40,44,32,20,11,24,30,23,24,27,7,14,9,8,29,37,33,4,35,22,22,36,8,14,30,25,23,28,8,17,19,13,7,7,16,24,64,10,72,24,51,19,46,42,16,37,13,69,54,28,93,25,23,34,46,19,14,57,23,48,36,27,48,50,51,18,22,30,30,8,27
81,624x500,32,37,30,32,45,163,27,75,42,47,43,24,29,29,37,38,13,29,52,47,42,44,37,12,41,23,27,30,20,35,85,37,22,49,25,25,34,25,28,59,17,29,27,86,32,46,57,22,28,35,31,29,19,33,41,50,15,7,35,35,17,46,33,38,40,24,27,30,39,28,55,54,34,58,46,24,72,27,19,38,25,30,35,25,13,26,16,18,35,52,27,23,30,22,47,54,19,35,27,49,67,19,32,22,33,27,17,35,34,30,13,32,28,35,39,43,34,39,37,36,35,32,34,9,31,19,33,14,65,21,27,27,21,41,29,28,17,25,14,21,27,29,21,33,24,46,46,36,35,44,82,30,21,46,34,32,8,11,37,10,37,11,23,37,29,21,34,42,42,41,32,83,43,41,28,24,41,34,55,56,48,22,36,36,71,41,50,25,45,24,27,20,37,41,53,22,24,24,51,49,33,21,48,27,32,32,33,32,30,39,30,32,32,47,88,20,85,37,65,25,64,56,19,72,32,82,73,56,197,39,52,43,67,57,30,98,28,83,51,53,64,115,63,32,37,49,64,10,59
83,734x326,14,21,31,43,27,147,31,58,20,30,45,20,26,33,19,28,21,24,28,29,14,29,36,29,23,10,24,32,31,11,58,18,11,33,23,11,27,17,35,16,17,8,28,70,9,37,27,4,18,29,43,29,16,23,49,21,16,31,25,12,18,26,30,28,39,12,21,29,37,15,25,32,31,38,16,50,18,13,25,44,44,25,54,9,15,26,23,2,17,31,18,17,31,3,30,7,25,8,29,23,35,15,21,21,41,16,24,23,12,17,16,22,22,39,24,48,31,43,39,32,35,36,14,29,32,22,28,21,55,6,42,30,25,19,38,36,18,35,19,16,19,32,18,39,25,27,18,36,23,16,102,24,8,45,12,34,15,11,34,28,6,23,34,31,37,36,40,49,28,35,22,45,30,26,24,28,43,34,37,37,13,6,21,42,17,20,27,18,11,19,16,20,35,41,38,16,34,26,22,26,9,17,54,9,20,19,17,7,39,32,36,23,7,36,74,9,87,14,67,18,45,41,15,49,14,60,71,39,140,27,29,38,54,34,32,56,24,55,44,39,46,76,61,27,25,33,33,4,40
84,768x380,19,21,9,17,20,72,14,36,14,30,14,12,20,18,10,13,15,22,13,6,26,7,18,21,10,10,14,15,23,17,22,19,17,19,6,2,3,9,3,20,5,19,14,28,27,17,9,11,14,25,21,12,18,19,15,12,16,20,8,12,12,7,14,10,15,13,10,20,17,14,20,14,36,11,19,7,21,5,12,13,12,17,4,15,9,27,11,15,8,15,10,10,13,9,42,10,17,18,24,6,10,15,12,25,7,18,14,16,19,12,14,8,6,23,18,5,7,9,18,30,12,18,18,17,11,15,24,7,25,5,26,38,19,23,17,17,7,5,8,2,10,11,15,10,18,8,15,28,20,5,41,13,2,17,8,14,19,11,15,10,6,13,11,25,20,15,19,25,19,15,14,39,12,25,29,20,32,13,14,12,27,23,3,13,20,21,14,23,8,21,10,5,24,20,33,12,20,9,29,19,12,16,18,30,20,22,14,8,25,26,34,15,13,31,38,6,34,14,26,10,16,27,8,30,15,36,30,14,63,26,20,18,30,19,17,30,15,18,18,24,16,41,28,9,16,17,30,4,31
86,298x666,28,17,21,15,49,72,32,40,14,22,31,35,12,15,10,24,15,44,18,20,14,30,6,26,26,14,14,14,15,37,42,23,14,27,22,5,27,14,9,26,18,26,22,23,8,19,14,9,7,37,28,18,20,11,35,29,23,40,14,17,11,16,20,32,10,7,19,38,15,23,10,28,30,21,13,22,21,15,11,26,15,7,17,26,22,13,8,18,26,31,6,5,16,21,19,15,15,31,15,17,25,12,19,17,33,20,9,6,9,24,22,15,26,31,22,29,21,25,22,18,9,20,3,42,12,29,19,19,20,19,15,16,35,33,12,24,9,17,14,25,14,29,25,21,11,50,16,24,25,36,30,24,17,8,7,22,20,25,25,15,13,13,16,27,11,14,16,12,32,20,12,14,47,43,19,34,34,7,27,15,8,17,2,24,12,33,36,10,11,19,26,20,28,35,37,32,28,28,20,22,16,23,41,8,17,32,23,30,20,13,30,16,12,27,61,8,59,16,56,15,40,39,17,34,14,41,35,35,85,13,24,26,53,31,16,48,37,44,38,26,33,34,41,25,18,18,10,3,37
87,344x568,21,14,23,32,40,91,23,40,13,20,30,30,34,22,11,27,17,18,32,16,23,24,44,24,13,19,2,18,19,33,53,4,4,31,13,20,31,19,29,29,8,31,13,43,3,26,23,13,27,12,26,13,18,28,39,46,16,15,36,8,13,30,42,18,28,22,30,22,8,7,32,39,25,41,26,21,28,9,14,16,16,24,23,10,10,9,22,25,26,38,21,6,26,8,30,21,25,16,4,38,29,15,22,30,28,10,24,10,26,21,16,26,17,22,25,25,34,36,39,30,30,18,14,39,11,26,35,21,43,34,13,13,16,26,9,30,8,15,9,15,23,27,27,19,29,11,24,41,15,12,52,7,29,35,11,43,11,15,16,18,21,6,22,21,13,7,22,31,46,21,38,36,50,18,4,15,26,22,16,31,29,15,26,14,38,23,20,20,25,22,15,21,46,34,20,11,25,11,22,22,17,18,21,27,24,41,24,32,31,10,16,5,7,30,61,17,62,18,57,18,63,42,18,62,23,79,56,40,153,26,23,38,58,48,17,50,22,51,42,39,32,52,53,10,19,31,20,6,43
88,342x628,31,13,35,28,46,49,22,38,32,37,22,35,25,14,24,19,20,14,17,32,23,35,23,17,24,28,15,21,22,33,62,14,5,28,15,12,31,8,23,32,15,38,29,37,39,30,29,8,10,25,26,16,22,17,20,26,12,23,12,24,23,20,47,19,11,14,40,39,27,22,41,6,24,32,33,11,13,10,12,31,10,18,24,10,26,40,22,9,27,22,18,19,28,12,37,26,18,13,14,25,35,17,24,21,29,40,17,18,21,35,8,9,16,8,13,19,14,33,24,56,23,24,36,21,18,44,18,35,55,24,17,10,31,23,25,11,11,11,19,19,23,22,17,39,22,35,11,28,34,14,57,9,14,35,3,22,10,19,20,26,14,22,29,18,21,14,23,25,40,13,22,33,22,12,28,22,35,8,18,16,30,15,19,35,28,21,38,28,25,12,12,26,49,14,20,43,36,28,25,28,14,20,42,28,8,21,12,10,26,21,37,16,14,49,66,9,72,21,59,13,49,31,34,47,16,62,39,36,107,15,18,27,50,33,19,44,29,54,36,23,27,34,44,36,20,30,28,9,24
90,296x590,22,25,32,31,34,85,24,52,10,67,20,41,40,26,21,24,11,7,19,22,8,22,19,22,32,30,14,23,26,33,29,20,16,37,20,21,13,10,23,18,13,23,28,30,29,27,30,10,13,18,45,17,16,20,30,33,15,33,29,23,17,20,29,41,15,14,35,22,19,13,20,23,13,37,15,22,32,4,12,45,30,28,21,27,11,17,46,14,28,35,12,7,17,5,30,9,19,15,15,32,27,20,30,24,30,15,18,15,17,19,30,20,18,48,9,31,11,35,20,28,32,26,16,20,7,20,19,10,55,22,13,31,46,28,26,20,17,29,9,16,24,25,37,22,17,37,13,36,26,31,38,13,15,37,29,18,8,28,25,13,5,4,17,24,24,27,30,23,34,13,30,22,32,6,22,29,19,11,38,32,29,16,3,30,34,19,45,41,42,12,25,8,35,31,26,25,22,21,33,35,14,18,36,24,21,32,14,11,9,17,34,26,16,9,55,6,61,12,38,17,54,39,24,38,14,52,42,37,103,19,25,27,50,31,16,45,25,45,36,27,37,34,45,24,24,28,28,12,21
92,806x432,21,34,34,26,41,88,30,58,26,50,33,31,29,32,19,30,23,22,28,26,30,47,32,22,25,10,31,18,31,16,70,12,10,50,13,20,42,18,22,47,10,38,30,59,31,18,42,13,15,33,58,30,19,35,33,70,12,18,27,18,17,25,26,27,39,31,32,23,19,36,31,31,25,43,33,41,38,27,25,27,11,11,26,21,23,24,28,10,20,66,18,20,22,17,43,23,24,29,30,25,35,26,29,26,22,28,31,24,26,33,13,39,27,41,23,20,10,47,26,38,47,40,27,32,25,45,30,19,58,27,19,50,45,34,31,46,24,35,10,28,33,29,24,22,17,36,24,25,14,25,69,25,10,38,24,37,17,29,34,19,36,31,28,21,40,18,30,41,65,12,17,70,43,22,26,32,39,36,50,17,32,29,18,25,37,31,41,22,38,13,16,15,36,28,39,42,25,33,32,24,36,14,35,29,30,35,36,33,43,40,25,25,23,55,79,11,94,28,60,19,41,37,25,46,14,85,48,48,128,22,27,45,58,39,21,66,20,61,37,33,51,56,50,32,26,38,29,4,39
93,732x508,14,5,21,19,17,71,22,56,15,27,14,31,23,26,10,30,11,12,15,23,25,12,29,15,9,7,16,40,23,12,45,19,19,41,16,5,23,6,25,37,19,19,23,62,40,14,12,11,6,16,31,18,6,32,35,43,21,14,21,32,23,15,22,25,28,25,16,22,26,14,29,47,19,42,33,12,14,13,24,29,23,20,39,11,22,32,10,12,9,30,17,6,28,21,15,7,29,14,11,50,42,17,5,21,10,6,27,28,13,9,22,10,15,35,13,27,26,24,35,15,22,22,17,27,12,20,12,14,16,8,13,22,14,29,12,26,13,17,9,22,16,12,33,25,20,33,34,29,34,31,75,4,31,21,16,30,4,13,10,31,20,16,25,28,20,13,18,15,24,21,36,33,17,12,20,23,29,34,29,32,22,5,5,22,17,21,17,26,9,10,17,7,32,14,36,32,30,17,23,13,20,25,16,7,30,28,23,13,25,28,28,27,8,43,81,11,56,13,53,13,45,30,12,31,15,66,56,35,158,12,16,21,73,25,13,47,18,48,40,47,29,51,33,16,24,28,27,1,36
94,438x546,35,16,21,19,23,69,16,21,24,13,26,34,16,16,6,13,27,17,25,27,26,21,14,5,19,5,20,19,22,15,30,26,8,24,4,17,9,11,4,18,17,33,7,24,11,12,28,8,6,15,27,5,16,16,26,34,8,12,23,13,15,14,32,7,16,6,24,22,23,16,15,16,15,27,19,14,19,4,9,20,27,21,26,14,10,26,13,25,10,16,4,12,17,25,14,12,30,13,4,14,17,26,25,11,23,9,16,12,19,28,14,23,19,29,11,12,20,7,27,14,18,21,5,23,16,15,9,28,37,9,26,43,17,15,14,14,18,13,10,10,19,4,11,6,20,39,24,24,24,4,46,21,10,26,23,34,11,25,7,20,15,5,21,25,17,26,41,10,34,23,14,24,24,15,13,40,33,21,31,27,9,13,17,21,11,23,18,7,12,3,27,26,19,28,31,14,27,14,17,27,18,9,29,18,14,8,18,7,10,19,21,16,13,26,54,9,54,22,48,7,38,28,20,32,13,44,42,20,82,22,22,21,34,33,8,44,19,38,26,21,22,44,39,14,13,23,29,6,28
95,604x444,19,8,15,21,35,80,27,35,25,24,10,33,23,20,6,24,11,13,30,14,17,12,17,17,16,15,5,25,26,15,37,15,16,45,13,7,24,30,16,19,13,35,24,47,20,16,25,2,5,15,31,24,14,22,23,25,16,24,14,16,10,11,36,26,25,13,13,26,23,9,16,18,20,35,27,7,33,20,16,16,25,18,8,8,12,24,11,7,14,33,14,16,13,15,18,8,23,9,8,18,30,24,39,29,23,10,29,46,40,26,15,16,17,31,18,38,23,31,22,11,15,34,4,19,10,35,7,13,21,20,31,31,18,24,22,12,10,9,32,6,13,20,17,17,24,26,21,17,43,29,58,25,12,34,6,31,5,22,23,9,25,18,11,18,17,14,32,24,38,25,18,29,31,20,10,14,30,10,37,33,18,19,6,8,24,27,37,11,13,6,29,15,34,36,15,5,40,17,36,42,24,10,39,14,17,29,17,16,22,19,30,18,15,8,42,4,48,13,34,17,30,31,22,39,17,43,36,21,73,18,24,29,37,21,22,54,23,25,20,19,26,79,43,13,13,36,45,8,37
97,362x744,9,16,16,15,10,54,4,24,8,22,14,13,14,11,8,17,11,13,19,18,15,10,27,6,16,10,12,22,25,13,48,17,4,11,8,5,12,22,15,24,14,29,10,44,24,22,8,12,23,17,19,13,6,23,22,24,8,7,23,12,13,5,42,29,11,13,23,10,15,14,23,19,22,30,36,10,15,1,26,15,16,13,15,4,3,19,15,3,6,18,16,7,3,1,27,12,15,3,5,14,25,12,32,31,9,9,12,18,21,16,17,16,9,25,18,17,11,18,17,19,11,20,9,6,13,22,25,7,19,22,17,19,11,21,9,5,4,12,1,18,24,16,17,10,19,29,13,26,12,5,18,9,9,21,16,12,5,14,16,13,10,7,1,15,16,7,7,3,36,11,12,28,17,12,2,25,9,9,15,22,11,11,8,17,6,15,19,13,19,16,12,13,36,21,34,16,15,7,10,6,29,4,19,6,7,26,9,16,16,13,17,18,11,22,36,6,40,11,38,10,28,24,6,36,4,35,34,19,76,12,13,22,40,21,10,41,9,27,16,22,16,37,23,22,10,12,12,8,24
