cellID,abs_X,abs_Y,nucleusArea,cytoplasmArea,total_count
16345,-438.9991425120781,-312.47584541062827,193.03607232000002,1040.4009907200002,828.0
16347,-437.42858168761177,-334.3168581687612,214.73891712000002,472.26344256000004,557.0
16348,-432.6566181061397,-438.8866597294485,276.36545664,1083.3296947200001,961.0
16349,-429.7817879656165,-411.28979369627433,292.24907712000004,1597.3770758400003,1745.0
16351,-412.9161251086008,-358.0686359687231,179.63277696000003,887.3840102400001,1151.0
16352,-410.7388934147994,-310.5911676849964,196.08878016,929.8834272000001,1473.0
16353,-404.5332234871178,-388.65841821449993,209.53977408000003,1365.51437568,1669.0
16354,-406.5914469453375,-334.7000214362274,216.36066816000002,722.7285811200001,933.0
16355,-395.1422418710785,-430.6081916714204,299.4992582400001,1380.68251776,1753.0
16388,-442.32632930513563,-158.92602719033223,214.8820128,866.0627539200001,662.0
16389,-436.4915058236282,-194.09463394342762,278.46419328,1188.3619238400001,1202.0
16391,-439.5160928433271,-238.5423791102513,209.34897984000003,551.10916224,517.0
16392,-426.26883675843425,-271.76357115160897,542.76191424,1922.4904608000004,2579.0
16393,-429.4240764849474,-110.7094214808787,215.16820416000002,716.670864,1229.0
16394,-424.1912056737592,-219.08368794326216,188.55240768000002,704.31693696,987.0
16395,-427.28821656050917,-145.0764968152866,252.08688960000003,947.5795929600001,1256.0
16396,-402.6868339100346,-227.78237024221423,208.29961152000004,857.8109030400001,1156.0
16397,-402.3291364902503,-129.30708913649028,307.94190336,1094.0618707200001,1436.0
16427,-445.01343362831904,24.57703876106194,227.66522688,954.3050899200001,565.0
16428,-441.5685076252716,-93.71166557734203,218.03011776000002,760.2196492800001,918.0
16429,-445.8199632352941,60.272363970588245,177.39094464000001,678.4643174400001,272.0
16430,-438.3365778159927,-19.17726599570079,205.24690368000003,982.5426374400001,1163.0
16431,-436.4829791894856,-65.14693647316538,204.24523392,760.02885504,913.0
16432,-436.14059294871726,81.2736322115385,192.4636896,908.6575680000002,1248.0
16433,-431.5355974842773,46.82734860736747,215.35899840000002,797.71071744,1113.0
16434,-425.749099099099,5.873997106981978,187.6938336,707.0834534400001,888.0
16435,-419.10951195219116,-50.089516932270875,210.35064960000003,813.5943379200002,1004.0
16436,-409.78196664749765,41.7585089131685,249.12957888000005,1253.5658553600001,1739.0
16437,-398.2452834978845,103.08395655853296,535.9887187200001,1820.0339539200004,3545.0
16438,-409.97391327063735,-93.8478014629051,235.6308864,1011.4956633600001,1914.0
16439,-401.39227983539115,-0.7525396460905351,189.02939328000002,996.8999040000001,1215.0
16467,-443.1971352313169,210.2188434163702,1060.38668736,2285.7149952000004,562.0
16471,-443.32939999999974,176.9707833333332,564.13086912,1043.26290432,600.0
16472,-443.5294124423963,111.12217396313372,236.91874752,695.25421056,868.0
16473,-420.8378070567219,143.92092451987475,613.97586432,1743.81165504,2239.0
16474,-429.57668433734926,245.77077590361432,353.01704256000005,1583.5444934400002,2075.0
16475,-428.3465805340222,216.30163652024137,186.024384,769.09158144,1161.0
16476,-429.236339181287,186.6102807017544,191.50971840000003,535.6548288,855.0
16477,-428.9969469835464,160.14261425959774,210.63684096000003,404.00680320000004,547.0
16478,-424.6761097256854,113.52784704904413,224.08783488000003,739.3753785600001,1203.0
16479,-410.2580170454536,297.4425340909094,334.41460416000007,777.0572409600001,1760.0
16480,-409.5873758865247,169.49955082742315,184.45033152000002,319.48495488000003,423.0
16481,-410.1936419172945,269.87144736842026,362.9860416,1512.47363904,2128.0
16482,-397.89663784822284,185.9504274735833,403.43442048,1480.5156038400003,2082.0
16507,-445.150479704797,388.9366420664205,307.84650624,1257.47713728,542.0
16508,-434.78520606347666,318.4182733301742,1332.3161779200002,4735.274544,4222.0
16509,-438.4389762076428,465.6619899062723,289.62565632,1197.1861574400002,1387.0
16510,-436.53803558718835,420.9206903914587,306.27245376,1235.53579968,1405.0
16511,-423.40073170731654,385.52374216027886,229.28697792,1041.4503590400002,1435.0
16512,-415.34929463629726,361.3758706833214,221.75060544000004,1091.15225856,1361.0
16513,-413.6994716618632,436.34995196925945,182.87627904000001,836.68044096,1041.0
16514,-410.83098026315844,469.9941184210527,205.53309504,1192.98868416,1520.0
16515,-399.95421576128547,408.3128615149197,234.96310656000003,1002.5283340800001,1307.0
16544,-442.24572222222275,507.68079166666615,332.79285312,1550.2032000000002,1440.0
16545,-440.1591043397969,550.8998707294551,284.66500608,1291.7247033600001,1083.0
16547,-440.0587966101698,590.1350508474577,185.7858912,660.19576896,590.0
16550,-411.17183517417163,536.1225403568394,201.526416,918.3880742400002,1177.0
16551,-411.1874924012158,584.0890273556224,171.61941888,1093.29869376,1316.0
16553,-414.2014828137488,503.7849720223809,375.00607872,1295.4928896000001,2502.0
16554,-405.7949253731341,561.6541466580138,235.53548928,1192.6070956800002,1541.0
17800,-382.64774572649566,528.5955555555565,191.41432128000002,721.7746099200001,936.0
17803,-365.52100445009455,589.9042403051488,330.0740352,1445.6479564800002,1573.0
17805,-368.2167559808608,563.2519904306224,177.48634176000002,787.5032256000001,1045.0
17806,-354.6532824074074,532.7907685185189,322.15607424000007,1432.2446611200003,2160.0
17809,-332.58079800498774,559.2234039900243,198.99839232000002,590.8420627200001,802.0
17810,-329.03488354620606,497.42652892561944,324.5887008,1553.780592,2662.0
17813,-327.5714417744918,533.6517005545282,167.23115136,419.69962944,541.0
17814,-302.5948283499441,585.406408268733,391.74827328000003,2067.0647961600002,2709.0
17815,-308.91374100719395,549.2631474820143,176.10308352,719.5327776000001,1112.0
17817,-310.3271834625324,570.0813436692509,178.15412160000002,267.111936,387.0
17819,-298.68976989815195,509.32059222934816,283.04325504,1513.33221312,2651.0
17821,-289.53965738758023,555.3055674518199,196.08878016,362.65215168000003,467.0
17822,-273.49587923025905,536.4391639017916,257.8107168,1076.27030784,1507.0
17823,-268.42208333333315,568.9496458333335,206.96405184000002,765.2756966400001,960.0
17828,-243.8234488541088,511.9942425936277,270.83242368000003,1134.3194553600001,1789.0
17830,-240.94440199335534,562.5414617940212,264.05922816000003,1374.2909107200003,1806.0
17831,-235.40280645161275,591.1504516129033,350.77521024000004,650.08367424,620.0
17834,-214.2304042179261,571.5249824253073,203.10046848000002,812.5449696000001,1138.0
17836,-214.9439557739558,519.8891154791161,236.48946048,902.1705638400001,1221.0
17838,-204.65043704474488,538.4628824141515,192.03440256000002,744.04983744,961.0
17840,-387.84252265860977,310.6103172205439,253.37475072000004,808.9675776000001,1324.0
17841,-383.2938275862068,339.0747873563215,217.41003648000003,1321.0116192000003,1740.0
17842,-381.50499374999987,448.7248125000003,203.38665984000002,1261.0068307200002,1600.0
17843,-376.6637932192006,494.0220174555221,350.91830592,1646.26809984,2979.0
17844,-378.86258064516176,379.51477196885446,313.33184064000005,1367.56541376,1798.0
17845,-366.860519662921,420.98348314606733,197.61513408000002,1130.36047488,1424.0
17846,-354.95146109052416,301.6634092112235,177.58173888000002,912.8073427200001,1889.0
17847,-348.5543328550932,465.97846484935417,214.54812288000002,1099.8333964800001,1394.0
17848,-355.9249888475839,359.825434944238,189.41098176000003,984.45057984,1345.0
17849,-346.5134695731158,327.8090826521341,176.38927488000002,831.52899648,1101.0
17850,-336.7589580010632,426.38866028708156,206.58246336000002,1530.5513932800002,1881.0
17851,-337.33470172684457,383.7289089481947,178.48801152000004,1012.25884032,1274.0
17852,-320.7216711111108,349.380666666667,165.56170176,883.6635225600002,1125.0
17853,-308.8264356435646,386.994469589816,152.58769344,575.9601120000001,707.0
17854,-307.84943298969125,325.3746048109969,193.6561536,890.15052672,1164.0
17855,-310.17681754874576,413.5710306406686,190.07876160000004,1107.7036588800001,1436.0
17856,-302.56801454138747,459.15550335570487,230.6225376,1401.66988416,1788.0
17857,-299.0485281385284,372.22528138528133,158.59771200000003,753.6372480000001,924.0
17858,-288.3301454545454,351.69087272727285,170.14076352000004,670.92794496,825.0
17859,-276.87518072289186,420.0424578313255,161.93661120000002,900.9304012800002,1245.0
17860,-269.27721922246246,449.27188444924457,294.49090944000005,1411.92507456,1852.0
17861,-274.7025259259255,328.12614074073997,198.1875168,1061.8653427200002,1350.0
17862,-269.07288859239515,396.7057104736487,186.73986240000002,1118.6743276800003,1499.0
17863,-263.2827534685168,369.64321237993596,160.88724288000003,765.2756966400001,937.0
17864,-266.037823482428,495.08101038338737,331.79118336000005,1381.39799616,2504.0
17865,-241.89803900325055,320.16131094257844,261.10191744,1232.3876947200001,1846.0
17866,-241.25003249390724,357.82090982940696,201.28792320000002,952.4925446400001,1231.0
17867,-234.53535714285712,387.210418367347,184.1164416,811.4956012800001,980.0
17868,-234.19104303086942,425.53776894293713,281.70769536,1630.2890822400002,2138.0
17869,-221.10616869492233,486.908581619807,332.98364736,1454.2336972800001,2383.0
17870,-217.49584204413492,333.5888617886178,190.31725440000002,663.5823667200001,861.0
17871,-213.9851877607788,361.3718219749655,171.47632320000002,551.10916224,719.0
17872,-204.9607087486159,433.48840531561393,299.11766976000007,1404.53179776,1806.0
17873,-201.87365718799373,387.05804107424956,197.51973696000002,957.7870848000002,1266.0
17874,-380.1716003787874,136.0175000000001,302.93355456000006,743.9544403200001,1056.0
17875,-386.15739683933265,234.35393327480247,282.32777664,1725.5431065600003,2278.0
17876,-373.5584781230182,282.41954977805915,262.72366848,1158.1210368000002,1577.0
17877,-369.3475664095967,170.67354755784052,230.05015488,1651.56264,2334.0
17878,-357.922159090909,231.5605320247936,289.00557504000005,1451.6102764800003,1936.0
17879,-352.1312655800562,105.09389613294982,353.25553536000007,1740.6158515200002,3129.0
17880,-330.4574245565542,200.02509560009247,565.99111296,3037.3012051200003,4341.0
17881,-335.5895008319468,150.40323627287847,251.22831552000005,1179.06070464,1202.0
17882,-328.904424920128,256.12386581469644,180.25285824000002,1015.83623232,1252.0
17883,-307.6197697781497,123.63794683968202,234.43842240000004,1514.0476915200002,2389.0
17884,-314.2596884984021,299.50675319488926,310.89921408000004,1235.82199104,2504.0
17885,-299.42118776671407,254.7271906116644,181.25452800000002,1057.6678694400002,1406.0
17886,-297.8336269841272,160.64534920634898,175.10141376,969.2347392,1260.0
17887,-277.05422680412386,295.9773768613976,396.66122496,1025.8529299200002,1746.0
17888,-278.3358199847446,117.2201983218915,233.19825984000005,865.87195968,1311.0
17889,-282.03146303901445,219.35085728952774,257.90611392,1484.4745843200003,1948.0
17890,-263.8482309582306,257.22406019656,196.37497152000003,1254.8060179200002,1628.0
17891,-259.7501290322582,187.1169870967739,183.35326464000002,1253.85204672,1550.0
17892,-257.7824712957902,124.24433406232906,259.38476928,1274.88711168,1829.0
17893,-248.31364593781325,289.5464292878631,235.67858496000005,1127.1169728000002,1994.0
17894,-246.10556778679,145.97372537659342,271.83409344000006,1316.2894617600002,1726.0
17895,-238.56241758241742,230.63517916865706,257.14293696000004,1649.7977932800002,2093.0
17896,-218.62073744437384,112.6367705022249,228.52380096,985.1183596800001,1573.0
17897,-223.51467817896423,162.794678178964,208.29961152000004,1030.47969024,1274.0
17898,-220.59966498393803,284.6238916934378,255.80737728,1348.4859897600002,2179.0
17899,-216.14033313143574,195.8739491217442,309.51595584,1183.6397664,1651.0
17900,-205.22920394238056,226.52363912054582,263.7730368,996.3752198400001,1319.0
17901,-198.76094213649853,140.82115727002966,200.90633472000002,1079.22761856,1348.0
17903,-400.15709701492506,-37.917377611940374,277.1286336,1018.5073516800002,1340.0
17904,-391.07891866913116,-71.07418022181145,240.40074240000004,853.8519225600002,1082.0
17905,-385.1273215077609,70.97687095343676,587.4077664,1607.2029792,2255.0
17906,-383.4709117432531,31.459343690736734,228.04681536,925.9244467200002,1371.0
17907,-376.9629025570145,-26.451490117484425,197.47203840000003,1065.4904332800002,1447.0
17908,-363.40085156250007,7.042187089062497,196.2795744,913.6659168000001,1280.0
17909,-359.8283795440544,-65.7958638324092,265.58558208000005,1207.05975936,1623.0
17910,-356.01999204455115,38.64866428003186,231.38571456,871.1664998400001,1257.0
17911,-348.3300952380952,-23.6023620952381,205.72388928,1229.6688768000001,1575.0
17912,-341.82912718204443,60.80374376558603,289.33946496,1187.26485696,1604.0
17913,-324.88218012866344,-42.99991565403854,209.82596544000003,1067.39837568,1399.0
17914,-330.5266666666668,19.74143214508138,211.35231936000002,1075.22093952,1413.0
17915,-329.9090380047509,-79.04047684085516,212.73557760000003,1193.8949568000003,1684.0
17916,-316.35937917860514,-4.007602119770775,165.32320896000002,759.1225824,1047.0
17917,-307.86666028708123,96.51056682615629,576.4370976,1593.0842054400002,3135.0
17918,-308.34461747151335,65.84430548019537,287.52691968000005,1308.18070656,1843.0
17919,-304.7630391404452,39.50009132770528,174.33823680000003,969.09164352,1303.0
17920,-297.44105950653125,-22.133466908563122,204.72221952000004,927.3554035200001,1378.0
17921,-292.0923369823895,-75.21006853879103,306.27245376,1432.3877568000003,2101.0
17922,-281.72636498516306,-40.110310089020786,207.10714752,972.7167340800002,1348.0
17923,-283.4906432360739,6.949010090450926,180.49135104,1129.7403936,1508.0
17924,-268.74244402985056,61.412293843283564,203.95904256000003,828.0947001600001,1072.0
17925,-258.34867724867735,-80.49891005291,176.96165760000002,838.1590963200001,1134.0
17926,-257.5527165142554,85.92561430876798,240.87772800000002,1234.62952704,1859.0
17927,-255.19621766561488,17.71741128485802,682.99568064,2262.53349504,3170.0
17928,-256.0931838565024,-50.472017937219675,210.1121568,885.1421779200001,1115.0
17929,-235.0808608385374,-23.610695914362214,295.92186624000004,1600.6682764800003,2242.0
17930,-226.71898227848084,48.66286632911381,359.36095104000003,1396.99542528,1975.0
17931,-225.37176056338035,-60.33442756539242,207.20254464,804.96089856,994.0
17933,-211.48588785046718,-81.0351063084112,218.03011776000002,670.3078636800001,856.0
17934,-217.9226811211,90.22860814383924,227.37903552000003,1164.03565824,1891.0
17935,-197.4294535928145,-17.90532381212576,317.24312256,992.4639379200001,1336.0
17936,-200.75510752688172,1.8438792563172055,236.53715904000003,567.75595968,744.0
17937,-199.2471012482661,-54.20371428571437,149.15339712000002,541.5217516800001,721.0
17938,-400.75324985092374,-185.8410822898029,1223.42036544,2370.2845420800004,3354.0
17939,-394.78192411924135,-256.13630081300846,231.00412608,600.1909804800001,738.0
17940,-397.5355329153606,-289.59071316614467,205.43769792000003,824.4696096000001,1276.0
17941,-377.0767036011079,-103.10716989843026,278.65498752,1214.93002176,2166.0
17942,-374.7835059760955,-236.6729083665334,337.27651776000005,885.6191635200001,1255.0
17943,-372.88556458897915,-144.0471635049683,239.35137408,822.80016,1107.0
17944,-369.3244360902258,-253.04105263157896,187.74153216000002,308.6096832,399.0
17945,-372.2196672944134,-169.14456371625826,302.55196608000006,1088.1949478400002,1593.0
17946,-358.9590262901658,-197.3196007789679,207.87032448000002,757.5008313600001,1027.0
17947,-367.9952450980384,-274.345519607843,188.40931200000003,743.28666048,1020.0
17948,-353.9827315084446,-116.40398776936534,283.75873344,1108.37143872,1717.0
17949,-345.9038848039213,-250.02682598039215,178.24951872,595.7550144,816.0
17950,-349.62261282660336,-224.41831353919213,187.55073792000002,697.2575500800001,842.0
17951,-343.16061833688644,-279.40185501066065,292.05828288000004,632.6260012800001,938.0
17952,-340.01076612903233,-168.59806451612903,190.74654144000002,553.9233772800001,744.0
17953,-336.85829126213633,-135.3808640776699,209.68286976000002,753.1125638400001,1030.0
17954,-323.11906371911596,-264.9863589076723,194.94401472,537.0857856000001,769.0
17955,-326.2598402948404,-217.93796068796078,194.51472768000002,638.9222112000001,814.0
17956,-322.75059042305895,-295.3988238028826,308.6096832,976.77111168,2151.0
17957,-331.70300653594757,-191.73945845004684,173.76585408000003,746.38706688,1071.0
17958,-316.13281874569225,-152.68285320468632,238.68359424000005,1019.1751315200001,1451.0
17959,-311.3255447103279,-106.66285831234259,301.88418624,1586.9787897600002,3176.0
17960,-308.78171180931747,-181.2953521126762,167.46964416000003,666.1103904,923.0
17961,-313.47625725338463,-242.70450676982568,190.36495296,804.6270086400001,1034.0
17962,-293.66555176336743,-266.03556313993187,204.24523392,691.9630099200001,879.0
17963,-289.68436079545427,-142.10199573863636,233.53214976,996.1844256000002,1408.0
17964,-287.05337628866005,-236.92664948453617,185.16580992000002,603.9591667200001,776.0
17965,-269.3145849056605,-171.3529764150943,448.98654528000003,1554.82996032,2120.0
17966,-270.5678367346941,-201.21515646258499,226.28196864,492.7738233600001,735.0
17967,-267.1636977299879,-294.90793906810006,283.61563776,852.4209657600001,1674.0
17968,-270.39797108673986,-108.36179461615177,236.44176192,1107.3220704,2006.0
17969,-267.33504748982386,-246.20685210312087,282.75706368000004,1036.4420102400002,1474.0
17970,-257.37480620155037,-138.10889147286832,238.9697856,951.6339705600002,1290.0
17971,-253.60579973118314,-208.36337365591382,370.66550976,987.40789056,1488.0
17972,-244.20575714285724,-276.8210785714285,259.14627648,1097.68696128,1400.0
17973,-234.4782567791919,-238.2481018262314,333.12674304000006,1300.9782240000002,1807.0
17974,-234.7491754756873,-97.49278435517961,273.21735168000004,944.6222822400001,1892.0
17975,-226.0512304075237,-200.25261755485894,244.02583296,931.2666854400002,1276.0
17976,-224.02418967586993,-127.5721428571428,422.70463872000005,1328.45259456,1666.0
17977,-231.6995053586149,-165.9133882934872,256.80904704000005,964.9418688000001,1213.0
17978,-219.6270139634805,-270.4829860365196,216.7899552,715.52609856,931.0
17979,-209.709076923077,-156.20857342657328,193.89464640000003,603.0528940800001,715.0
17980,-201.84921906693728,-247.67692697768777,228.61919808000005,814.0236249600001,986.0
17981,-201.32659969088104,-101.32977125193199,194.94401472,709.89766848,1294.0
17982,-202.3872782608697,-215.4043826086953,182.73318336000003,907.9420896000001,1150.0
17983,-202.4430980392153,-183.16932026143775,179.25118848000002,595.5165216,765.0
17984,-377.7182092893117,-381.38259653049806,210.01675968000004,1328.0710060800002,1787.0
17985,-382.0349049881234,-344.6144774346792,172.14410304,651.13304256,842.0
17988,-377.8128918918918,-308.54873873873896,174.33823680000003,753.06486528,1110.0
17989,-357.8491269258988,-423.1626485693325,180.49135104,1060.1958931200002,1363.0
17990,-355.26852272727285,-300.1843257575756,208.4427072,584.40275712,1320.0
17991,-351.5871477927066,-335.8933243761991,528.64314048,1826.5209580800004,2605.0
17992,-346.7725381047053,-378.0133664678593,234.19992960000002,1144.90853568,1509.0
17994,-330.67910519951596,-431.08131197098,244.74131136000003,1231.86301056,1654.0
17995,-321.5559100418409,-406.8765481171547,174.8152224,724.5888249600001,956.0
17996,-312.73377280753346,-352.4562271924662,397.99678464000004,1258.1926156800002,1699.0
17997,-318.8254994511525,-383.52846322722274,195.94568448000004,720.2482560000001,911.0
17998,-318.59977611940343,-323.95047974413666,181.4930208,688.8626035200001,938.0
18000,-292.30653690596546,-431.7637310414567,467.49358656,1669.6880928000003,1978.0
18001,-292.5927756286268,-392.19421663443,194.27623488000003,818.3164953600001,1034.0
18002,-293.83207105719237,-301.4577166377811,409.34904192000005,1259.6235724800001,2308.0
18003,-279.25214221422175,-340.4881998199818,546.4824019200001,1591.4147558400002,2222.0
18005,-254.41413575927237,-380.39986354093776,703.9353484800001,2066.540112,2858.0
18006,-264.7745542427495,-410.55103114930176,191.55741696,757.2146400000001,931.0
18007,-255.28839677047281,-438.7837024221456,206.72555904,795.3734880000001,867.0
18008,-247.06174139051353,-310.8712735542559,241.87939776000002,865.20417984,1539.0
18009,-251.57442691903265,-349.1972555205048,203.76824832000003,708.18052032,951.0
18011,-240.0369664268582,-416.52702637889684,195.56409600000003,658.76481216,834.0
18012,-219.81515912897822,-354.0951758793968,220.93972992000002,866.7305337600001,1194.0
18013,-220.5388999999998,-311.10266923076887,354.87728640000006,1436.2513401600002,2600.0
18014,-222.69787798408487,-437.54708222811644,291.96288576000006,976.5326188800001,1131.0
18016,-216.8175423728815,-398.19409861325084,445.26605760000007,974.91086784,1298.0
18017,-216.39724550898197,-337.66841317365265,191.08043136000003,271.92949056000003,334.0
18018,-196.83790204678363,-372.11016081871355,286.23905856000005,952.3971475200001,1368.0
18020,-195.40053424657552,-335.661698630137,156.26048256,558.3116448000001,730.0
18021,-200.71434670116435,-422.58861578266516,169.09139520000002,562.5091180800001,773.0
19411,-184.90838187702226,-396.4716504854368,203.67285120000003,709.0867929600001,927.0
19412,-183.09434671221166,-305.43408198121233,213.21256320000003,668.7338112000001,1171.0
19413,-178.18082442748087,-328.47227480916064,182.49469056000004,524.8272556800001,655.0
19415,-176.45959479015912,-431.0950578871201,215.88368256000004,1020.2244998400001,1382.0
19416,-173.0983412887828,-352.9847732696898,180.25285824000002,646.5539808000001,838.0
19417,-161.27800200803196,-372.86955823293187,206.10547776,763.6062470400001,996.0
19419,-151.82123737373726,-332.2610437710434,198.75989952,973.8138009600001,1188.0
19420,-153.1385561195711,-408.87922165820646,287.71771392000005,1254.8060179200002,1773.0
19421,-139.3156453715776,-432.18713168187725,302.26577472,583.1625945600001,767.0
19423,-133.95164179104472,-381.322718550107,181.34992512000002,714.47673024,938.0
19424,-127.62540365984925,-321.141776103337,181.68381504,729.1678867200001,929.0
19425,-118.36631971465621,-413.83033722438347,295.34948352000004,1146.6256838400002,1542.0
19426,-128.9828926353149,-353.73196095829616,195.37330176000003,865.2518784000001,1127.0
19427,-114.10672679509635,-444.7170577933447,286.76374272000004,1085.42843136,571.0
19428,-102.39697408400365,-360.062743521,424.13559552000004,1579.1085273600002,2238.0
19429,-98.49822751322748,-317.45154497354486,195.94568448000004,728.595504,945.0
19430,-91.60851990049755,-430.4087686567165,166.84956288,658.86020928,804.0
19431,-89.77355440414503,-401.2816891191715,147.43624896000003,732.4113888,965.0
19433,-74.79317872340424,-381.37380141843926,278.55959040000005,1038.4930483200003,1410.0
19435,-73.47705194805197,-333.39107438016555,199.61847360000002,703.50606144,847.0
19437,-66.03870797413794,-359.6569719827583,194.03774208000002,739.8523641600001,928.0
19438,-64.35335450421245,-416.9057679844458,290.57962752000003,1075.26863808,1543.0
19439,-55.182181095406435,-314.1519346289755,230.09785344000002,746.4347654400001,1132.0
19440,-46.15263470958719,-429.860314905528,638.63601984,1730.4560582400002,1429.0
19441,-45.15994676806096,-348.10186311787095,193.17916800000003,664.7271321600001,789.0
19443,-38.79467376425852,-297.1285779467683,248.60489472,643.3104787200001,1315.0
19444,-32.694416978851926,-385.9062054380659,315.57367296,1231.9584076800002,1655.0
19445,-19.72039069377993,-440.8358732057413,349.6304448,1293.4418515200002,836.0
19446,-19.61626421445555,-313.27350451735606,453.75640128000003,1290.2460480000002,2103.0
19448,-14.357192392274678,-416.0174248927038,263.58224256,876.3656428800001,1165.0
19449,-10.025161618226596,-378.30938423645296,209.3966784,667.4936486400001,812.0
19450,-9.578163025823116,-353.50018076178196,413.49881664000003,1207.82293632,1549.0
19451,-0.710511720229555,-326.309024390244,211.73390784000003,575.91241344,697.0
19452,-196.91345679012375,-279.53514403292155,171.66711744000003,557.2145779200001,729.0
19453,-191.0343178973717,-137.22563204005,164.94162048,588.3617376,799.0
19454,-183.09566974595836,-249.09727482678977,257.85841536,615.50221824,866.0
19455,-170.58929034248692,-102.11003085467459,731.2666233600002,1782.3520915200002,3241.0
19456,-184.64538461538456,-166.35513343799062,190.98503424,515.00135232,637.0
19457,-175.42043809523807,-187.03986666666677,207.58413312000002,784.8798048000001,1050.0
19458,-179.71631535269717,-287.5463900414939,393.5131200000001,788.8864838400001,1205.0
19459,-172.57207985143918,-221.21398328690788,190.98503424,820.4152320000001,1077.0
19460,-164.8203547963208,-142.2340604467804,328.26148992000003,1081.13556096,1522.0
19461,-159.92995808885135,-261.322103939648,187.74153216000002,983.92589568,1193.0
19462,-148.4282398667407,-295.97837867851206,217.41003648000003,1015.7885337600001,1801.0
19463,-155.0459742828882,-200.46875370919864,196.2795744,788.2664025600001,1011.0
19464,-148.407894736842,-231.94578947368439,184.30723584,349.86893760000004,361.0
19465,-148.43373259052933,-167.62548746518092,202.81427712,810.5893286400001,1077.0
19467,-138.85159800249696,-124.96453183520588,200.76323904000003,585.59522112,801.0
19468,-143.3008206106866,-90.040483778626,190.5557472,1236.585168,2096.0
19469,-129.88233100233106,-195.64059440559438,201.09712896000002,676.5086764800001,858.0
19470,-121.37367975830823,-142.95617069486383,193.32226368000002,999.3802291200001,1324.0
19471,-130.8543922018348,-232.45825688073396,174.8152224,663.009984,872.0
19472,-126.00133419689121,-257.8862176165806,179.68047552000002,652.2301094400001,772.0
19473,-118.51431746031749,-109.10597619047624,186.83525952000002,617.9348448000001,1134.0
19474,-115.7095593145871,-290.72761423550116,394.08550272,1344.95629632,2276.0
19475,-117.1080057803468,-210.4182658959538,176.43697344000003,540.99706752,692.0
19476,-111.14073893521477,-170.34552277100704,587.9801491200001,1162.6524000000002,1559.0
19477,-100.67709445585233,-230.30338809034916,195.89798592000002,727.02145152,974.0
19478,-93.23320812182742,-284.4631573604062,185.7858912,639.6376896,985.0
19479,-81.41794533200193,-118.82106315526721,827.14072896,2317.29144192,4006.0
19480,-94.22292071611253,-250.3001278772379,180.96833664000002,666.9689644800001,782.0
19481,-93.36655287260604,-194.5137552039967,159.98097024,820.6537248000001,1201.0
19482,-78.91009431524544,-210.23700258397912,178.82190144,589.88809152,774.0
19483,-78.32606773211569,-164.36079147640825,185.83358976000002,852.2778700800001,1314.0
19484,-73.37033197437394,-297.08316249271985,452.13465024000004,989.6974214400002,1717.0
19485,-72.37849881516588,-262.756623222749,226.56816000000003,679.08439872,844.0
19486,-52.49973996952784,-233.49364652107647,451.99155456,1552.39733376,1969.0
19487,-57.592991181657894,-199.73750440917127,245.45678976000002,817.74411264,1134.0
19488,-45.097299917149996,-265.51913835956924,256.47515712,950.58460224,1207.0
19489,-52.43067657342649,-119.2806165501165,234.24762816,973.19371968,1716.0
19490,-48.41956664434021,-173.72873409243152,397.66289472,1040.11479936,1493.0
19491,-6.147641911988929,-117.68536518995695,2782.30470336,4600.09682496,7607.0
19492,-25.182305253512496,-195.1951802076971,402.52814784000003,1090.7706700800002,1637.0
19493,-16.911218243179114,-283.48040332147065,225.90038016,654.13805184,843.0
19494,-16.67395582061071,-231.81179389312987,262.81906560000004,788.3141011200001,1048.0
19495,-7.638907967677584,-260.9519952114924,285.04659456,1020.9876768,1253.0
19496,-184.54485064011385,-71.50294736842109,191.17582848,482.04164736,703.0
19497,-177.42202334630375,-53.16048638132297,183.63945600000002,197.18584704000003,257.0
19498,-182.8353621068034,-28.07964550109733,175.10141376,947.0072102400002,1367.0
19499,-168.40386882829793,28.324593146646972,258.04920960000004,1001.1927744000001,1357.0
19500,-162.88093137254896,-26.185372549019615,164.98931904,166.70646720000002,204.0
19501,-158.1341606425707,-47.96056385542165,177.05705472000002,970.4272032,1245.0
19502,-162.6113371356147,93.50109442332074,306.36785088000005,812.7834624000001,1578.0
19504,-146.4661149425288,57.4277593869731,185.30890560000003,994.9919616000002,1305.0
19505,-144.68436594202913,25.720536956521713,169.94996928000003,762.7953715200001,1104.0
19506,-142.9500175233646,96.96039369158893,230.05015488,929.2633459200001,1712.0
19507,-130.72964887640447,2.636370325000004,178.20182016,1007.7274771200001,1424.0
19508,-127.67455717970769,-56.23907652622525,156.49897536000003,926.01984384,1163.0
19509,-121.03783562753009,-21.789393117408924,159.790176,871.7388825600001,1235.0
19510,-113.5292953244277,36.588256488549725,308.2757932800001,1425.0898771200002,2096.0
19512,-108.88594974226812,-92.7993170103094,181.54071936000003,801.4312051200001,1552.0
19513,-106.56358193706575,95.42894769105047,235.6308864,1147.72275072,2447.0
19514,-95.26295616781475,-59.12180713838444,196.99505280000002,1156.78547712,1597.0
19515,-93.74961962365596,1.9907744274193546,154.11404736,1086.3824025600002,1488.0
19516,-82.84377251995441,-29.97769686431017,183.30556608,1293.5372486400001,1754.0
19517,-78.97849508196708,-76.77739426229509,191.22352704000002,907.7989939200002,1220.0
19518,-70.1159706303725,31.03198997134674,296.58964608,966.9452083200001,1396.0
19519,-73.2410166007906,64.43514308300401,368.56677312000005,940.4248089600001,1265.0
19520,-65.65559582919562,3.14768117775571,176.53237056,753.58954944,1007.0
19521,-66.4526133064516,96.12926169354832,247.65092352000002,1290.7230336000002,2480.0
19522,-51.30098121645797,-35.6486610017889,187.88462784,809.7307545600002,1118.0
19523,-49.868933136094654,-82.62428994082848,189.50637888000003,1041.16416768,1690.0
19524,-41.25237128980034,64.73764382083101,212.68787904000004,1314.8585049600001,1853.0
19525,-38.47099070764826,16.601694631879926,180.44365248000003,976.5326188800001,1399.0
19526,-35.0207807692308,-12.873251057692277,176.48467200000002,767.7560217600001,1040.0
19527,-32.12636239575444,-49.36860803639121,215.54979264000002,974.2907865600001,1319.0
19528,-26.713144605116742,-93.99374582869865,224.51712192000002,924.8750784,1798.0
19529,-21.532343124065765,42.708979073243626,257.61992256,952.3017504,1338.0
19530,-10.724701043902428,7.93180954146341,230.19325056,864.5364000000001,1230.0
19531,-2.174935378785208,92.76425220070419,220.27195008000004,1469.9265235200003,2272.0
19532,-6.91475587921196,-61.650820652174005,220.60584000000003,1088.3380435200002,1472.0
19533,3.3412214384141015,61.18892158590304,266.96884032,845.3138803200001,1135.0
19534,-181.96738831615113,203.73786368843108,271.21401216000004,1278.36910656,1746.0
19535,-182.25789300411523,168.0425514403292,179.91896832,1017.6487776000001,1215.0
19536,-179.19019298245644,113.28894561403524,289.48256064000003,1060.4820844800001,1710.0
19537,-181.18540958268918,249.97634466769708,234.62921664,962.1753523200001,1294.0
19538,-160.12976278496615,296.72635859519363,775.76937984,1706.0820940800002,3246.0
19539,-159.9089224572005,150.976143001007,214.16653440000005,823.32484416,993.0
19540,-150.3573098937041,260.69919869174157,384.30729792000005,878.7028723200001,1223.0
19541,-155.97922807017537,207.0110058479533,162.98597952000003,632.19671424,855.0
19542,-150.22308048103585,183.5332469935249,174.95831808000003,839.39925888,1081.0
19543,-156.42141774891786,234.12700216450193,175.72149504,703.55376,924.0
19544,-139.38053153791645,134.78068745570513,313.37953920000007,1042.54742592,1411.0
19545,-132.69747844827592,219.8289224137932,163.41526656000002,718.1972179200001,928.0
19546,-125.69970432946134,174.6170538542765,365.99105088000005,1369.9503417600001,1894.0
19547,-122.78831263696146,248.55018991964985,264.58391232,1004.72246784,1369.0
19548,-109.60417288135594,121.83994915254196,543.1435027200001,1341.0927129600002,1770.0
19549,-105.37125190452008,295.9849111223971,266.82574464000004,1052.08713792,1969.0
19550,-106.50116238767673,255.23621309370998,200.28625344,1091.1999571200001,1558.0
19551,-99.45724377682404,186.53430901287553,215.02510848000003,879.41835072,1165.0
19552,-98.87621930745006,212.5787408184677,250.79902848000006,743.28666048,953.0
19553,-80.23275938189839,132.965209713024,268.87678272000005,1018.93663872,1359.0
19554,-79.12763556851317,267.10403498542286,274.0282272,1157.0716684800002,1715.0
19555,-78.55644349680182,242.6410660980811,219.84266304000002,725.1135091200001,938.0
19556,-80.39182896764268,158.2388854648176,251.32371264000002,1520.3916000000002,1947.0
19557,-70.96994409547735,206.87124371859295,240.73463232000003,1219.50908352,1592.0
19558,-56.829742177170516,282.04074922873554,270.06924672,1445.2186694400002,2269.0
19559,-44.83421003717471,169.48644361833928,203.00507136000002,1220.22456192,1614.0
19560,-40.5668023094688,210.54057736720523,281.65999680000004,1691.4386361600002,2165.0
19561,-35.41057364061938,109.98215664386004,253.13625792000002,1734.7012300800002,2777.0
19562,-25.44437503900155,137.36127145085783,253.04086080000002,1038.8269382400001,1282.0
19563,-14.218371318619326,242.47610023232653,324.30250944000005,2374.57741248,3013.0
19564,-15.679019377608308,293.0822045060662,231.76730304,1579.96710144,2885.0
19565,1.678315999462364,170.21471505376337,235.48779072000002,1408.0614912,1860.0
19566,-194.39635377358508,308.93257547169827,205.91468352,1249.8930662400003,2120.0
19567,-192.0871075656203,481.54920741121924,177.67713600000002,1318.2928012800003,1943.0
19568,-180.88729059829058,416.9197948717954,166.18178304000003,851.94398016,1170.0
19570,-170.0148724832214,381.74900671140944,251.99149248,1154.4482476800001,1490.0
19571,-163.2658418367347,436.5668176020411,253.61324352000003,1167.56535168,1568.0
19572,-152.21811811246099,482.2524837524723,273.12195456000006,2160.22008384,3539.0
19573,-146.9360318609702,355.5516075307746,345.00368448000006,1037.0143929600001,1381.0
19574,-140.77810467479696,404.54372967479617,314.61970176000005,1447.2697075200003,1968.0
19575,-141.17226950354623,504.8528936170209,241.49780928,749.6782675200001,1410.0
19576,-133.29260328239974,307.25829088851117,216.55146240000002,853.89962112,1767.0
19577,-133.052613138686,449.38329197080265,217.31463936000003,1013.4036057600001,1370.0
19578,-120.93976680972828,340.7772961373384,575.2923321600001,2998.23608448,4194.0
19579,-106.80572647257947,383.49222071767105,359.8856352,1160.6490604800001,1477.0
19580,-118.9633898305084,415.3615042372876,159.83787456000002,337.41961344000003,472.0
19581,-112.23533748204892,485.11452369554956,319.8188448,1296.5899564800002,2089.0
19582,-107.18345541838134,427.37764060356625,200.62014336000001,547.05478464,729.0
19583,-92.89158340113917,447.37770545158764,185.26120704000002,902.3613580800001,1229.0
19584,-75.59514952463276,418.97205416306457,635.2017235200001,2577.0101011200004,3471.0
19585,-83.98004601861427,497.41109617373286,232.05349440000003,944.8130764800002,1934.0
19586,-77.76814245810047,352.89459962756035,178.67880576000002,884.9513836800002,1074.0
19587,-69.15837086513994,476.9473218829522,234.96310656000003,1139.7570912,1572.0
19588,-71.70488232830826,308.56044807370137,238.82668992000004,1402.52845824,2388.0
19589,-50.58588998357966,369.47270935960574,196.08878016,997.2337939200002,1218.0
19590,-50.11406103993964,336.2125470987191,224.32632768,1126.4491929600001,1327.0
19591,-45.31724830917874,393.72482125603807,210.87533376000002,833.9616230400002,1035.0
19592,-38.27236810431289,422.96093279839477,202.48038720000002,766.5158592,997.0
19593,-40.15285550458712,456.32039564220105,191.31892416000002,1413.7853184,1744.0
19594,-22.45348609112709,324.14744604316587,175.29220800000002,750.5845401600001,834.0
19595,-18.073234535901943,357.10962346760107,201.24022464,972.7167340800002,1142.0
19596,-12.657506179155892,406.6785271317823,298.25909568000003,1853.5660416000003,2322.0
19597,-1.4376071377543844,484.6030269005853,570.2362848,2727.97604352,4275.0
19599,-194.39705797101436,565.6925652173911,258.2877024,528.78623616,690.0
19602,-180.60972093023213,520.3631686046514,245.21829696,1119.91449024,1720.0
19603,-181.1217272727274,585.2106868686872,329.5970496,1286.7640531200002,990.0
19605,-166.3368965517243,561.3159271307726,319.6280505600001,1034.5817664,1537.0
19607,-145.62419396001698,536.2022203317741,606.9164774400001,1643.0245977600002,2351.0
19608,-149.8930959752321,591.1627450980395,225.61418880000005,1032.29223552,969.0
19612,-133.87093655589112,572.8995166163149,185.35660416000002,731.31432192,993.0
19615,-107.22979013906432,536.7191529709231,233.77064256000003,1217.1718540800002,1582.0
19616,-112.56563569682152,589.933031784841,165.13241472,820.2721363200001,818.0
19618,-99.18475200000005,515.5970240000005,215.93138112000003,491.0566752000001,625.0
19619,-89.71438346253241,563.3119999999998,179.34658560000003,1476.8428147200002,1935.0
19622,-79.93446877748481,587.8722955145117,232.48278144000002,979.0606425600001,1137.0
19624,-65.14019076751948,518.6647385984426,231.00412608,1269.1632844800001,1798.0
19626,-49.78363509471586,546.154745762712,235.20159936000002,822.9432556800001,1003.0
19629,-51.14691500904152,581.2298372513562,200.19085632000002,843.02434944,1106.0
19631,-36.041877121123434,503.6401404330018,206.77325760000002,983.7828000000001,1709.0
19632,-15.747674748066277,534.9022983425414,540.8539718400001,2091.3433632,2715.0
19633,-21.418209115103114,581.5193213572854,426.04353792000006,1828.47659904,1503.0
20936,18.32323636816408,591.4963867187499,375.3876672,1397.37701376,1024.0
20937,19.251778963650416,531.4538592420738,308.41888896000006,962.89083072,1293.0
20938,12.534461736628845,568.9522123176662,204.96071232000003,958.1686732800001,1234.0
20944,45.142847005535934,512.3865626572723,378.48807360000006,1189.0774022400003,1987.0
20945,39.71096057619406,566.1805458680819,295.15868928000003,957.93018048,1319.0
20948,52.58734965034968,594.7204895104895,279.84745152000005,963.7494048,429.0
20950,61.811569160997735,561.6012925170065,196.42267008000002,359.12245824000007,441.0
20951,56.40796942446039,541.8436330935258,188.98169472000004,813.6897350400001,1112.0
20952,73.0905503778338,516.1627078085634,191.89130688,480.37219776000006,794.0
20954,83.9509095394737,573.9132236842107,166.65876864,469.44922752,608.0
20955,74.69287295081969,588.1457274590169,244.35972288000002,1084.4267616000002,976.0
20956,88.2640592503024,551.2196856106409,178.58340864000002,627.2837625600001,827.0
20958,94.24030812854429,515.4805245746693,280.89681984000003,1210.54175424,2116.0
20960,105.42652114427865,589.5055348258708,252.65927232,926.544528,804.0
20962,117.93989130434792,541.8084565217401,269.63995968,957.1670035200001,1380.0
20963,119.80908098159532,569.9932699386501,262.96216128000003,1154.4482476800001,1630.0
20964,129.26340345604763,514.1997821187084,212.92637184000003,842.8335552000001,1331.0
20968,146.94910714285712,593.3500714285716,213.45105600000002,685.57140288,560.0
20969,153.47420248328555,574.5731136580699,200.66784192,818.9365766400001,1047.0
20970,161.69049601417183,539.2376793622669,602.38511424,1708.3239264000001,2258.0
20972,178.5144827586207,571.9345828698561,214.83431424000003,704.5077312000001,899.0
20975,204.29413306451627,559.650356182795,359.26555392000006,1306.8451468800001,1488.0
20976,10.23678039351406,339.76990319457883,172.85958144000003,870.2125286400001,1033.0
20977,23.340633701426405,375.1209984579796,329.3108582400001,2069.06813568,2594.0
20978,15.807128887730965,445.9395405021307,361.22119488000004,1571.8583462400002,2111.0
20979,28.809502599277955,409.71478700360984,166.70646720000002,1060.5774816,1385.0
20980,33.90527512239851,334.2692451499114,326.78283456,2120.58258048,2835.0
20981,40.02481728045322,434.6073796033995,158.74080768000002,529.31092032,706.0
20982,39.94976642946841,301.531490163248,194.51472768000002,1332.98395776,2389.0
20983,37.98698633017878,479.88359621451207,186.31057536000003,720.2482560000001,951.0
20984,59.67547285067873,454.875271493214,230.6225376,1016.5517107200002,1326.0
20985,66.06562007168456,385.98475268817236,185.92898688000002,1127.0692742400001,1395.0
20986,68.19934190371988,487.69577133479254,233.05516416,1180.9686470400002,1828.0
20987,62.70525414937758,414.23712655601685,156.68976960000003,752.2539897600001,964.0
20988,78.43842181818202,340.69344727272653,315.09668736000003,2020.7971929600003,2750.0
20989,80.1004981583793,433.563720073665,156.49897536000003,847.8419040000001,1086.0
20990,98.71616200762378,463.97985387547624,223.27695936000003,1171.4766336000002,1574.0
20991,101.87962205882359,407.0986249999996,155.40190848000003,1045.98172224,1360.0
20992,111.60679182389944,381.6655283018869,172.52569152,1231.9107091200003,1590.0
20993,112.94646786389418,437.2051890359164,175.72149504,876.2702457600001,1058.0
20994,120.25200994475108,340.7105488029463,333.74682432000003,2019.7955232000004,2715.0
20995,116.15397400346625,489.4508607741184,334.17611136000005,1045.40933952,1731.0
20996,134.13744732089094,442.04407585791733,313.04564928,1275.0779059200001,1661.0
20997,149.1391091314032,382.56792873051245,173.76585408000003,1010.9709792000001,1347.0
20998,148.225796178344,415.9534777070061,171.81021312000001,699.0223968,785.0
20999,151.01088133640565,497.3778341013824,282.1369824,859.5280512,1736.0
21000,153.86178093645503,468.5503762541802,257.14293696000004,827.4746188800001,1196.0
21001,161.3820802919707,445.9779744525548,191.79590976000003,430.95648960000005,548.0
21002,162.46160110420962,326.1095859213253,257.90611392,1089.9120960000002,1449.0
21003,163.07400375939875,357.4004041353382,172.04870592000003,858.76487424,1064.0
21004,176.50577830188678,502.5838797169813,224.32632768,898.5931718400001,1696.0
21005,178.96880293159617,422.9368485342016,187.12145088000003,960.1243142400001,1228.0
21006,184.77330898466028,463.2772315558796,229.95475776000004,1133.2223884800003,1369.0
21007,188.72387755102076,389.4123840445266,330.0740352,1539.9003110400001,2156.0
21008,191.3877872183229,309.7284041374217,325.25648064,1753.7806540800002,2707.0
21009,197.80916666666664,361.01146666666676,280.65832704,1100.54887488,1500.0
21010,1.0752973043478276,197.85590445518005,273.16965312,1502.0276544,1863.0
21011,8.613362016467907,139.1099488926747,268.68598848,1327.7848147200002,1761.0
21012,13.178992242205178,271.62168097605064,267.20733312000004,1741.1882342400002,2213.0
21013,42.78598491265226,204.23943620963473,505.0323532800001,2632.53122496,3778.0
21014,38.93545130066548,154.07125831820935,268.16130432000006,1232.7215846400002,1653.0
21015,47.904493885869535,123.76585597826093,180.01436544000003,1112.0919264000001,1472.0
21016,45.987565140845064,101.17404137323942,167.13575424,580.5868723200001,1136.0
21017,51.321299536798705,236.03863612969627,272.83576320000003,1406.6782329600003,1943.0
21018,64.21707468220352,258.09397775423764,234.77231232,1401.5744870400001,1888.0
21019,67.98811799065415,145.67218457943912,183.78255168,710.5654483200001,856.0
21020,80.23174043715859,295.45611680327835,298.06830144,1716.2418873600002,2928.0
21021,85.75706594110109,172.36656209987174,221.13052416000002,1183.6397664,1562.0
21022,82.98869731343295,109.91798985074622,186.11978112000003,987.55098624,1675.0
21023,92.72057652173906,220.77832608695667,303.07665024000005,1706.79757248,2300.0
21024,99.96402052091567,140.18669297553305,191.17582848,1031.2905657600002,1267.0
21025,116.30386550670129,286.75458264754235,444.12129216000005,2595.0401568,4253.0
21026,114.12398839458402,191.85060606060608,231.00412608,1131.8868288,1551.0
21027,132.10806927881904,235.7169789892109,300.31013376000004,1380.9687091200003,1761.0
21028,130.5358432147563,155.0671146245058,209.68286976000002,1197.04306176,1518.0
21029,135.048089133089,116.75200305250297,203.38665984000002,1097.4007699200001,1638.0
21030,146.719450980392,292.43038823529423,254.71031040000003,1631.4815462400002,2550.0
21031,144.49307332293287,196.70875975039,287.76541248000007,1084.3790630400001,1282.0
21032,156.34930215827342,225.0020215827334,250.70363136,1024.85126016,1390.0
21033,159.66111199364568,159.40924543288344,229.09618368000002,1016.4563136000002,1259.0
21034,170.64464968152853,277.6392265696088,233.34135552000004,851.3715974400001,1099.0
21035,173.57897876643062,187.42495449949436,196.99505280000002,817.21942848,989.0
21036,168.77340704340688,123.73307125307132,219.74726592000002,1000.57269312,1221.0
21037,176.51939267886857,242.8571713810318,303.17204736,954.0665971200001,1202.0
21038,199.41822372881367,173.9839118644068,258.00151104,1210.4463571200001,1475.0
21039,194.46419815281263,141.2802183039463,267.92281152,977.1527001600002,1191.0
21040,6.743183805622477,-25.828285104819305,589.60190016,1719.5807865600002,2490.0
21041,5.298838351020406,22.769484217687054,289.00557504000005,536.6088,735.0
21042,28.463746696832597,43.25699049773766,488.19476160000005,1466.3491315200001,2210.0
21043,26.48210061242346,81.11292650918634,203.72054976,870.6418156800001,1143.0
21044,30.708787128712867,-14.269003712871287,172.47799296000002,310.42222848000006,404.0
21045,37.09946399535419,-57.337309523809544,359.45634816,1223.8019539200002,1722.0
21046,30.050545914922356,7.906737993923028,293.20304832000005,1010.4939936000001,1481.0
21047,57.22003191489358,-14.91428656312058,358.50237696000005,957.73938624,1410.0
21048,68.18172858036266,-32.24663227016887,560.60117568,1121.4885427200002,1599.0
21049,55.59740335128663,-91.84980909634959,203.81594688,881.9463744000001,1671.0
21050,61.76067809364557,29.237643812709045,220.79663424000003,951.2046835200001,1196.0
21051,61.77194562446898,76.78659600679707,247.74632064000002,1643.6446790400003,2354.0
21052,73.59273094170403,-53.34225411061279,194.22853632000002,460.76808960000005,669.0
21053,74.07793988439305,-79.15503930635857,186.31057536000003,616.40849088,865.0
21054,108.65409659863953,-78.8513768707485,764.1309312000001,1809.8741606400001,2940.0
21055,94.65827151051623,-42.77639579349905,187.6938336,382.5424512,523.0
21056,93.87483048852268,53.488127722189525,230.57483904,1353.7805299200002,1699.0
21057,108.82748860215081,97.68750967741926,244.83670848,1263.4394572800002,2325.0
21058,121.62670250896059,-39.89392353643966,208.91969280000004,651.8485209600001,837.0
21059,121.39076519916145,51.094087002096444,217.02844800000003,717.10015104,954.0
21060,130.6286259541986,75.87308481764208,197.2335456,947.1980044800001,1179.0
21061,132.38892976588625,-56.84779598662202,225.94807872,673.83755712,897.0
21062,134.69944640753823,-9.874833365135448,169.42528512,650.27446848,849.0
21063,154.75406557377065,-9.705211531147548,176.15078208,518.6741414400001,610.0
21064,159.3162121212119,15.055913570075775,227.0451456,862.4376633600001,1056.0
21065,160.60013634226593,95.50092759755529,213.88034304,1197.1384588800001,2127.0
21066,156.58549060542782,56.01232359081432,216.31296960000003,1110.8040652800003,1437.0
21067,153.61068441064637,-40.36799619771865,189.26788608,634.4385465600001,789.0
21068,178.29843478260878,-64.45853623188412,464.39318016000004,1664.58434688,2070.0
21069,177.38253994953754,34.728487804878064,226.09117440000003,957.1193049600001,1189.0
21070,176.25396166134166,-21.630139217252395,281.61229824000003,922.8717388800002,1252.0
21071,189.10380299251858,-41.4943640897756,212.25859200000002,648.27112896,802.0
21072,187.15366990291255,-89.28435339805822,220.89203136000003,662.9145868800001,1030.0
21073,190.60733333333337,-5.832766774242423,170.61774912,526.49670528,660.0
21074,192.6722260990928,68.3425359385903,214.02343872000003,1135.9412064,1433.0
21075,201.75325581395344,14.780628091655293,304.41220992,987.2647948800002,1462.0
21076,12.104999746263658,-176.79966848673942,603.9591667200001,1758.2643187200001,2564.0
21077,8.674547508936552,-219.3147855227879,499.9763059200001,1660.19607936,2238.0
21078,19.31377126590258,-144.7936504297997,309.80214720000004,1187.26485696,1745.0
21079,37.82553183649983,-277.25175877950477,993.8471961600001,2288.2430188800004,3474.0
21080,39.59720669406928,-108.45283088667074,230.95642752,930.0742214400001,1703.0
21081,42.35375304347818,-202.64970434782578,205.48539648000002,845.2184832,1150.0
21082,43.68407926829269,-228.1854999999997,196.47036864,649.1774016,820.0
21083,58.60134447983008,-162.4863110403399,356.06975040000003,1331.8391923200002,1884.0
21084,54.87008356545963,-131.26559888579393,255.6642816,1025.8529299200002,1436.0
21085,69.88359476309238,-191.2161907730673,321.91758144000005,1083.0912019200002,1604.0
21086,75.03763669391456,-230.67413260672095,210.44604672000003,773.0028633600001,1101.0
21087,80.49277494199532,-293.3042072699151,165.89559168000002,637.82514432,1293.0
21088,83.47561960784306,-102.80405647058828,303.6013344,618.98421312,1275.0
21089,93.01250630252076,-208.56165966386538,189.02939328000002,717.8156294400001,952.0
21091,99.8817189748201,-126.91008543165458,548.0564544,1528.5957523200002,2224.0
21092,98.90955291319855,-181.09587395957195,163.03367808000002,603.1959897600001,841.0
21093,102.55154347826078,-239.92472589792058,334.17611136000005,838.49298624,1058.0
21094,101.26074344023321,-286.9655004859086,204.96071232000003,606.6779846400001,1029.0
21095,109.34777911164466,-102.47777310924386,227.23593984000001,326.30584896,833.0
21096,117.38801724137942,-160.16187304075228,285.38048448,958.2163718400001,1276.0
21097,124.34633114949403,-202.3811554496727,281.51690112000006,1274.0285376000002,1679.0
21098,128.87771339075965,-241.0870086139389,457.14299904000006,1070.832672,1277.0
21099,124.09119680851073,-291.74091755319165,204.6268224,415.54985472000004,752.0
21100,124.47601528384281,-269.4500327510919,258.09690816000005,706.98805632,916.0
21101,139.4687864406779,-144.33656271186433,278.22570048000006,1104.8417452800002,1475.0
21102,152.01284181377662,-294.0693007961232,811.16171136,1562.7956198400002,2889.0
21103,145.01303959131542,-179.555772669221,164.27384064000003,658.9079078400001,783.0
21104,142.3809072978304,-115.9509467455621,229.04848512000004,697.6391385600001,1014.0
21105,167.32975573280137,-100.86977268195406,551.5861478400001,2264.63223168,4012.0
21106,156.17655927835054,-255.32614690721667,205.91468352,585.5475225600001,776.0
21107,159.8356955645159,-218.19186995967752,418.554864,1571.1428678400002,1984.0
21108,171.15418204182035,-131.26206642066427,191.17582848,662.1991084800001,813.0
21109,187.22193873438144,-167.56730753728345,549.39201408,1890.3893299200001,2481.0
21110,168.61158174097642,-158.37511677282365,230.6225376,789.9358521600001,942.0
21111,184.2978373983737,-261.08502439024403,303.3628416,1321.8224947200001,1845.0
21112,196.48771335504884,-202.5132964169381,389.12485248,1156.2130944000003,1535.0
21113,195.16510520487273,-232.88341085271304,373.38432768000007,702.1705017600001,903.0
21115,21.09713953568355,-301.0408383490973,307.79880768000004,1150.5846643200002,2326.0
21116,16.173696756499144,-430.8987694973996,287.81311104,1181.30253696,1731.0
21117,22.90385699634269,-400.9516506256018,383.59181952000006,1463.43951936,2078.0
21118,22.73170014124294,-334.7585875706222,196.13647872000004,1031.4813600000002,1416.0
21119,37.38938141025641,-440.1567147435894,187.21684800000003,639.92388096,624.0
21120,32.26402581939798,-372.7244013377927,196.0410816,1089.76900032,1495.0
21122,48.35712224669604,-354.6390308370046,169.28218944000002,683.0433792000001,908.0
21123,54.5483335419274,-318.3212327909891,274.0282272,961.5552710400002,1598.0
21124,54.65172391017175,-401.7114266842801,168.80520384000002,543.2865984,757.0
21125,58.08384512428302,-441.9866730401531,218.65019904000002,382.73324544,523.0
21127,71.50907659574472,-342.00628723404253,205.05610944000003,658.6217164800001,940.0
21128,74.4144006249999,-373.0141124999999,334.31920704000004,1150.63236288,1600.0
21129,78.14690894396549,-430.3675053879309,528.3569491200001,1513.37991168,1856.0
21130,81.43106936026932,-401.43241077441076,252.802368,992.4162393600002,1485.0
21131,81.06066290322588,-308.22901612903235,200.57244480000003,335.3208768,620.0
21132,87.86945290322575,-325.16763870967765,207.15484608000003,522.0607392000001,775.0
21135,100.98830728616696,-346.4399472016894,206.10547776,725.5427961600001,947.0
21137,106.01037973137979,-316.1133577533579,230.28864768000003,501.64575552,819.0
21138,125.44178780036987,-431.5484399260638,1129.59729792,2352.9699648,2705.0
21139,108.12345720476708,-401.235601300109,127.73674368000002,655.90289856,923.0
21140,114.47959790438765,-373.0218925998688,356.11744896,1101.50284608,1527.0
21141,121.1651371571075,-309.33193682460546,213.30796032,595.7550144,1203.0
21143,136.71999999999971,-335.30972157772635,477.41488704,976.5326188800001,1293.0
21144,138.76854320987664,-362.3075308641977,186.024384,557.3576736,810.0
21145,136.62525515743775,-395.08382193268204,171.76251456,654.47194176,921.0
21146,158.6556343656344,-368.9073726273724,233.05516416,729.2632838400001,1001.0
21147,164.09082242990647,-438.5191962616824,257.90611392,1013.5467014400001,1070.0
21148,159.35720145852335,-401.69838650866063,245.17059840000002,791.796096,1097.0
21149,159.230876369327,-327.939953051643,212.68787904000004,473.26511232000007,639.0
21151,191.32912829682607,-418.030523021904,496.06502400000005,1561.2692659200002,2237.0
21152,187.55919143496345,-337.86262064557343,840.3532300800001,2303.3157638400003,3129.0
21153,191.5497074190178,-381.6171786833853,384.7365849600001,1404.722592,1914.0
21154,182.81419563936308,-297.1593576900412,271.26171072,841.6887897600001,1697.0
22557,224.25698547821736,-426.7873309964944,448.22336832,1354.9252953600003,1997.0
22558,218.06614571092842,-317.2819741480611,187.12145088000003,614.8344384000001,851.0
22559,219.00407680945332,-353.871152141802,186.9783552,540.6154790400001,677.0
22560,222.5196697247706,-389.0395137614674,179.63277696000003,735.3686995200001,1090.0
22563,241.71639436619716,-333.07160563380233,235.82168064000004,731.8867046400001,1065.0
22564,242.04538557213908,-356.31661691542297,154.73412864,601.6696358400001,804.0
22566,245.99222390317706,-442.28464447806357,224.04013632000004,965.08496448,661.0
22568,258.7575452716299,-314.63056338028065,347.81789952,1210.54175424,1988.0
22569,259.8407579462105,-369.85814180929106,167.13575424,622.4185094400001,818.0
22570,259.29300736771563,-406.405632953784,188.21851776000003,1031.67215424,1493.0
22572,278.0639376218325,-425.9363092917484,620.93985408,1178.24982912,1539.0
22573,271.0968589743592,-344.03821581196576,190.88963712000003,681.46932672,936.0
22575,282.3565418894824,-379.5725668449198,210.15985536000002,889.6735411200001,1122.0
22576,301.5544444444443,-345.44443029016276,231.14722176000004,967.2790982400002,1413.0
22577,308.7719361277448,-404.4469161676647,432.864432,1402.7192524800003,2004.0
22578,301.58119850187296,-321.9208988764046,189.69717312000003,727.8800256000001,1068.0
22579,317.9526198083072,-372.8434904153355,396.70892352000004,971.1903801600001,1252.0
22580,310.13670343137284,-298.9421446078436,250.08355008000004,760.69663488,1632.0
22582,309.89094944512954,-439.8014303329224,183.16247040000002,859.1941612800001,811.0
22583,325.1464333333335,-394.0103666666665,179.72817408,254.99650176000006,300.0
22584,352.8253539019972,-312.3152858439204,1009.11073536,2500.0246252800002,4408.0
22585,348.55293087121214,-359.75500946969635,645.98159808,1564.6558636800003,2112.0
22586,339.37744680851057,-438.81273236282163,207.87032448000002,759.6949651200001,893.0
22589,359.82791304347813,-384.62751690821267,307.32182208,788.0756083200001,1035.0
22591,377.3463659466327,-332.09250317662014,221.55981120000004,610.63696512,787.0
22592,389.58185581727406,-307.2096216987867,293.87082816000003,702.79058304,1401.0
22593,395.70697687861286,-352.1682312138728,479.22743232,1452.1826592,1730.0
22595,208.37263333333337,-297.29359999999986,202.05110016000003,568.28064384,1200.0
22596,214.1366163141993,-115.80270392749237,211.40001792,472.26344256000004,662.0
22598,215.08994134897364,-141.1003665689151,235.86937920000003,524.97035136,682.0
22599,221.0209773371105,-165.4800424929179,216.59916096,525.9243225600001,706.0
22600,219.04899248120313,-187.09213533834568,202.81427712,518.3879500800001,665.0
22601,224.91918013165744,-218.37620586475185,203.24356416000003,1143.28678464,1671.0
22602,229.33258350374967,-250.08972051806398,242.02249344000003,1042.35663168,1467.0
22603,238.2412941176471,-293.65719607843175,215.69288832000004,576.8186860800001,1020.0
22604,238.47072904009718,-135.12332320777628,512.4733286400001,1212.7358880000002,1646.0
22605,235.21864541832656,-272.1704183266933,195.51639744000002,713.6658547200001,1004.0
22606,247.02091081593935,-172.27825426944983,188.93399616000002,801.2404108800001,1054.0
22607,250.33903532608667,-197.01596467391312,171.85791168000003,611.54323776,736.0
22608,256.1969013112489,-231.8675086266394,215.69288832000004,1055.2829414400003,1449.0
22609,265.2353816793894,-296.440412213741,344.00201472000003,649.6543872000001,1310.0
22610,265.3947587131369,-264.23603217158177,211.68620928,584.4504556800001,746.0
22611,264.3359530026107,-112.78091296779817,170.95163904000003,718.48340928,1149.0
22612,265.48123031496027,-142.14743110236236,162.74748672000004,733.36536,1016.0
22613,278.72235714285705,-203.668806122449,160.88724288000003,751.3000185600001,980.0
22614,281.5067664092668,-183.51015444015448,164.560032,799.4755641600001,1036.0
22616,289.1385083333333,-123.87113333333325,186.40597248,821.4169017600001,1200.0
22617,285.11004373177843,-246.72287172011656,202.14649728,476.31782016,686.0
22618,283.8413228346455,-223.75603149606297,205.62849216000004,540.6154790400001,635.0
22619,289.7170841392647,-281.3754303675048,330.31252800000004,1296.0175737600002,2068.0
22620,306.71680420104985,-102.54206376594155,172.76418432,693.10777536,1333.0
22621,310.58034005037825,-211.4487657430728,154.44793728000002,623.9448633600001,794.0
22622,310.38774549680414,-242.9994596165025,523.11010752,1229.3349868800003,1721.0
22623,308.7982539682546,-157.79508928571448,166.89726144000002,736.1318764800001,1008.0
22624,332.81260599793154,-261.1457807652537,425.18496384,769.9978540800001,967.0
22625,316.41251639344284,-186.89372950819666,196.56576576000003,899.9287315200002,1220.0
22626,324.94264109985534,-126.33594066570186,197.56743552,1025.1374515200002,1382.0
22627,328.7921409921669,-153.23595300261093,165.84789312,607.77505152,766.0
22628,336.77367534456334,-287.0861868300151,191.36662272,763.3200556800001,1306.0
22629,349.20590864917386,-158.24565597667643,182.25619776,772.2396864000001,1029.0
22630,341.69652861035405,-224.63973841961834,233.29365696000002,1337.3245267200002,1835.0
22631,346.65429530201334,-188.88854586129784,177.72483456000003,743.7636460800002,894.0
22632,358.10924101198384,-278.75316910785625,223.51545216000002,590.7466656,751.0
22633,370.9701020408159,-255.01814139941706,337.84890048000005,1055.1875443200001,1372.0
22634,363.32528916929556,-138.95433228180852,189.12479040000002,702.55209024,951.0
22635,373.63604187437664,-223.8888334995016,184.30723584,773.0028633600001,1003.0
22636,373.7899901671582,-199.70959685349058,194.94401472,793.08395712,1017.0
22637,375.28178318135764,-175.64961499493415,193.99004352,758.8840896,987.0
22638,392.818965990126,-127.25501316511257,853.99501824,2431.1956032000003,3646.0
22639,215.4001556016599,-53.1731846473029,188.45701056000001,803.3391475200001,964.0
22640,216.67642647058807,-16.280227639558838,237.34803456000006,961.50757248,1360.0
22641,229.91130052724085,19.10555238869363,283.80643200000003,1239.4947801600001,1707.0
22642,222.50068125000027,-93.20608625000011,394.65788544000003,904.8893817600001,1600.0
22643,221.72667707682663,62.80442410993135,263.62994112,1209.6354816000003,1601.0
22644,235.72773828756036,-82.37561227786755,164.27384064000003,501.35956416000005,619.0
22645,240.28774907749064,-16.744017766605165,176.96165760000002,760.17195072,1084.0
22646,254.1673182552506,-93.31234491114718,179.53737984000003,579.91909248,1238.0
22647,248.61937716262932,-53.36330657439449,279.65665728,1088.9581248000002,1445.0
22648,252.149046813311,72.75432882120701,271.35710784,1282.9481683200001,1773.0
22649,257.74966666666677,45.65964603174601,180.20515968000004,507.1787884800001,630.0
22650,260.53228304405917,24.562967757009346,306.17705664000005,1128.1186425600001,1498.0
22651,270.1414849921011,-86.31650868878361,179.29888704,422.94313152000007,633.0
22652,263.6328124999995,-21.817520729166663,183.30556608,732.84067584,960.0
22653,278.41927070457314,4.250154899876394,171.81021312000001,650.7037555200001,809.0
22654,277.79087004405335,66.25276982378861,180.44365248000003,667.4936486400001,908.0
22655,282.4141513292435,-47.2255276073619,232.72127423999999,676.31788224,978.0
22656,282.36694275274044,102.73346285018272,207.05944896000003,869.9263372800001,1642.0
22657,282.2267198177677,-66.93710820045554,182.92397760000003,640.16237376,878.0
22658,287.3155138121548,-22.436944751381212,221.70290688,675.3639110400001,905.0
22659,288.80123076923076,-93.5141479289941,170.47465344,486.8115033600001,845.0
22660,296.14287739192054,53.35079588944012,249.84505728000002,966.4682227200001,1411.0
22661,301.7868922108575,86.77221872541296,197.47203840000003,804.3885158400001,1271.0
22662,309.64189438390576,-29.402000251466912,196.94735424000004,837.109728,1193.0
22663,306.1414564102565,6.6515621757948775,118.53092160000001,747.00714816,975.0
22664,309.5190194174758,-70.69613495145629,189.3632832,798.99857856,1030.0
22665,312.7818665091552,33.60627288836384,262.15128576000006,1248.31901376,1693.0
22666,337.3481233779204,93.12832042323811,930.16961856,3073.98139776,5009.0
22667,331.4425657370515,-15.197640894820683,222.17989248000003,942.9528326400001,1255.0
22668,346.74877397260326,43.28006917808218,228.42840384000002,1115.6216198400002,1460.0
22669,352.6356270903021,-95.12648515886296,1137.99224448,2644.6466592,4784.0
22670,353.63656601123637,14.962151212078652,281.23070976,1108.5145344,1424.0
22671,359.21238333333264,-21.874487441666695,239.06518272000005,912.1395628800001,1200.0
22672,376.1558048780497,-39.35812845528453,269.44916544,979.9669152000001,1230.0
22673,385.1522308546059,29.688427302996676,221.03512704000002,728.16621696,901.0
22674,379.44885900570506,54.843831295843515,219.93806016000002,938.42146944,1227.0
22675,393.2411247947451,-49.55546633825942,227.71292544000005,937.5151968,1218.0
22676,384.4417837837843,-1.3836665794594591,200.57244480000003,775.4831884800001,925.0
22677,395.18187155963295,77.1739480122324,266.96884032,1253.13656832,1635.0
22678,207.91122033898247,107.98706623207296,695.8265932800001,2286.52587072,3835.0
22679,202.5389853896107,211.7083076298705,402.52814784000003,1760.21995968,2464.0
22680,217.55103854875279,240.5913605442175,288.91017792,1621.41715008,2205.0
22681,232.79608503100144,157.51201505757334,256.80904704000005,1705.4620128000001,2258.0
22682,234.55401153212517,265.75166392092285,185.49969984000003,988.0756704,1214.0
22683,241.6222325809615,104.23625858684984,197.56743552,1134.9395366400001,2038.0
22684,245.28406532314105,206.56826268241855,183.54405888000002,1118.38813632,1439.0
22685,254.1504022662888,288.9755864022664,200.28625344,1074.5531596800001,1765.0
22686,259.0621782890008,176.09831775700917,204.19753536000002,1089.2443161600002,1391.0
22687,268.2162746087837,239.2048258455323,367.94669184,1475.1256665600001,1981.0
22688,272.6195496688742,130.3531986754963,290.4842304,1667.3508633600002,2265.0
22689,273.28859265734303,205.24450174825162,170.0453664,844.5984019200001,1144.0
22690,289.4397396963127,274.9113738250182,269.11527552,986.6447136000002,1383.0
22691,293.34350295857934,168.18558579881628,277.79641344000004,1296.9238464000002,1690.0
22692,290.4354596241755,300.5223209751144,194.13313920000002,877.2719155200001,1969.0
22693,301.9795534787127,251.7818847352031,296.73274176,1353.58973568,1926.0
22694,301.3441691248766,203.57874139626327,145.86219648000002,803.29144896,1017.0
22695,324.2529260318761,147.74664487127095,436.82341248000006,1907.1315244800003,2447.0
22696,322.37934770591494,222.00641238253215,328.26148992000003,1290.8661292800002,1809.0
22697,322.85352497643754,186.59559849198888,191.46201984,746.91175104,1061.0
22698,339.10817966903073,258.4166572104019,485.18975232,1559.5044192000003,2115.0
22699,331.79125688073344,294.2807385321095,350.63211456,1166.1343948800002,2180.0
22700,350.65457746478853,190.92271126760556,197.75822976,856.0937548800001,1136.0
22701,354.75702225633205,129.50877206446665,259.0031808,1052.56412352,1303.0
22702,360.84770344827587,219.47306206896548,221.84600256000002,1092.44011968,1450.0
22703,362.67497805092245,168.998595258999,274.45751424,837.6821107200001,1139.0
22704,372.65329827197627,262.7226821938388,199.28458368000003,972.7644326400001,1331.0
22705,376.726655683691,238.75439868204276,165.60940032000002,470.5939929600001,607.0
22706,376.8616782407399,139.98650462962968,236.63255616000004,701.9320089600001,864.0
22707,385.73325554259037,191.44784130688453,276.98553792,647.6033491200001,857.0
22708,385.15323831242824,103.81904732041058,197.09044992000003,931.4574796800001,1754.0
22709,393.0750568678906,168.78207349081336,263.43914688000007,839.3515603200001,1143.0
22710,392.3371443158616,286.2366031313824,258.19230528,1880.94501504,2938.0
22711,406.52896044624725,131.9181201825558,402.00346368000004,1459.05125184,1972.0
22713,214.46950058985402,425.3674243020052,265.72867776000004,1902.7909555200001,2543.0
22714,221.18156310679618,357.6725533980587,173.95664832000003,798.61699008,1030.0
22715,228.3620054200543,324.80840108401054,190.22185728,888.5287756800001,1107.0
22716,242.193101965602,396.58513513513526,265.06089792000006,1263.4871558400002,1628.0
22717,230.92558100084804,478.3127226463104,226.94974848000004,901.0734969599999,1179.0
22718,243.6598934550988,357.2120243531197,171.38092608000002,532.5544224,657.0
22719,249.51346283783795,340.108412162162,175.10141376,442.83343104000005,592.0
22720,257.1281992337164,375.49022988505715,162.93828096000001,360.98270208,522.0
22721,259.0155824339412,459.78071455154344,637.9682400000002,1942.1899660800002,2687.0
22722,270.5912870065789,322.82741365131557,398.95075584000006,1802.7670752000001,2432.0
22723,266.1909546666666,502.3711466666668,235.20159936000002,861.0544051200001,1875.0
22724,281.1116464995682,393.3447536732931,448.6049568,1674.1717574400002,2314.0
22725,271.74641651031885,365.74429643527196,165.80019456000002,428.23767168,533.0
22726,275.94908517350143,428.79800630914764,427.1883033600001,1146.9595737600002,1585.0
22727,283.2133371691602,458.7856731875722,245.88607680000004,628.95321216,869.0
22728,288.361792717087,350.43229691876724,168.18512256,614.21435712,714.0
22729,297.0043431635388,491.7916139410188,250.1789472,1068.11385408,1865.0
22730,310.9433186119872,452.280864353312,243.5011488,1208.8246060800002,1585.0
22731,313.78798194713096,417.5426176660219,261.96049152,1166.8975718400002,1551.0
22732,312.03357798165166,357.60053735255525,155.92659264000002,665.5380076800001,763.0
22733,325.25342671335727,332.2371635817897,424.2786912,1692.3449088000002,1999.0
22734,315.1658109833972,381.0618773946365,157.78683648,641.97491904,783.0
22735,336.0778187403991,390.62428571428586,157.78683648,580.1098867200001,651.0
22736,341.00560115886054,489.5920907774015,256.6182528,1247.7943296,2071.0
22737,338.21668192219664,460.81512585812334,199.42767936,686.859264,874.0
22738,352.5325457007449,312.2543872714963,214.02343872000003,1016.02702656,1477.0
22739,355.83269005847995,450.99012865497,185.54739840000002,806.4395539200001,855.0
22740,359.7382130281692,412.62296214788694,472.2157440000001,1732.1255078400002,2272.0
22741,349.3635356454723,364.31236030828546,225.51879168,925.1612697600001,1038.0
22742,368.61668555240755,382.9352313503306,209.34897984000003,935.32106304,1059.0
22743,378.2059058988764,342.0320224719103,373.43202624,1256.1415776000001,1424.0
22744,374.373709810388,488.3783182192915,201.47871744000003,815.8838688000001,1213.0
22745,379.707807881773,436.3373399014783,227.80832256000002,980.6346950400001,1218.0
22746,388.26299288946325,314.38463477698815,194.22853632000002,1130.455872,1547.0
22747,397.4139316811785,461.031446751507,286.62064704000005,1150.77545856,1493.0
22748,206.77368970814086,513.7447465437776,775.8170784000001,2260.05316992,3255.0
22751,229.0088211382113,588.9636517615168,161.17343424,1071.92973888,1476.0
22753,236.64032877882138,505.2107087959013,682.66179072,1312.2827827200001,2342.0
22756,241.5965857885611,557.6376169844025,167.23115136,836.34655104,1154.0
22758,252.61645161290335,575.5824838709682,157.92993216000002,228.38070528000003,310.0
22759,261.536967930029,543.6699416909615,457.42919040000004,1581.3026611200003,2058.0
22761,274.50897916666685,595.0023124999992,311.61469248000003,1302.3614822400002,480.0
22763,272.41145356662184,578.8458008075374,214.26193152000002,562.1752281600001,743.0
22764,296.2623736968726,570.548460304732,211.35231936000002,889.5304454400001,1247.0
22765,296.22170771756987,528.3933169129716,233.67524544000003,959.1703430400001,1218.0
22766,294.12341968911926,592.4195336787566,137.80113984000002,174.48133248000002,193.0
22768,315.8070544090057,556.7432270168852,237.06184320000003,789.0772780800002,1066.0
22771,327.031011973735,515.2616222479736,643.7397657600001,1608.8247302400002,2589.0
22773,341.24806722689067,550.202941176471,239.82835968,907.8466924800001,1309.0
22774,336.79473344103405,583.2432067851369,314.76279744000004,944.7653779200002,1238.0
22776,361.79489164086704,564.1251702786374,239.58986688000005,500.54868864,646.0
22777,367.1793202614386,593.7524052287581,615.50221824,2107.2746822400004,765.0
22778,361.2205671296293,511.5661574074074,182.82858048,591.8437324800001,864.0
22779,379.24729038854787,579.2944478527595,222.99076800000003,736.5134649600001,978.0
22780,378.212012667136,541.8020408163271,326.54434176,1153.20808512,1421.0
22782,393.05125960969855,506.1104671791836,201.66951168000003,1051.8963436800002,1691.0
24052,405.0894421768706,570.3497414965985,319.1033664,1149.3445017600002,1470.0
24054,419.77168831168825,591.7943722943725,171.38092608000002,668.972304,462.0
24056,415.4513532110089,532.7577522935777,167.75583552,1012.4973331200001,1308.0
24058,438.17478953356084,586.3458475540386,194.371632,742.76197632,879.0
24059,436.8303748125943,557.2043178410794,246.88774656,970.1887104000001,1334.0
24061,446.0912086956523,512.0253999999994,167.23115136,708.41901312,1150.0
24063,462.99069999999915,582.6439692307683,250.98982272000003,1016.2178208000001,1300.0
24064,451.63818571428595,534.3364428571433,164.08304640000003,560.26728576,700.0
24066,472.89470741222436,517.1576592977892,152.53999488000002,583.114896,769.0
24068,480.4778598726116,565.2566496815296,180.3005568,659.71878336,785.0
24069,481.41442548350386,542.55992036405,190.46035008000004,760.8397305600001,879.0
24073,502.9782172373083,522.514734356553,168.137424,665.2995148800001,847.0
24074,495.6733949801852,586.8587450462347,133.31747520000002,688.051728,757.0
24077,518.9160202205877,554.9926286764709,290.29343616000006,811.9725868800001,1088.0
24078,519.7549463519313,583.3117596566532,175.00601664,862.3422662400001,932.0
24079,525.2205892793756,517.1175541356062,701.4073248000001,1800.28675008,2817.0
24083,555.8298563065458,573.2113145290054,491.29516800000005,1436.1082444800002,1879.0
24087,577.7979437160226,539.8893380236653,1660.1006822400002,3117.6255801600005,3127.0
24088,585.5212307692307,503.06250641025724,359.21785536000004,884.8559865600001,1560.0
24090,400.6366456195737,386.00209155485385,270.73702656,961.9368595200001,1267.0
24091,416.387541561713,361.850513853904,318.86487360000007,1423.1342361600002,1985.0
24092,419.23154368932086,475.9155825242718,196.47036864,769.8547584,1030.0
24093,417.3682437619968,433.60516314779267,193.41766080000002,765.6572851200001,1042.0
24094,413.92705929487215,412.7134855769232,191.22352704000002,943.8114067200002,1248.0
24095,422.115368632708,502.33207104557624,221.13052416000002,758.4548025600001,1492.0
24096,430.8250909090908,392.1064628099176,184.40263296000003,485.6667379200001,605.0
24097,432.8960113314452,333.47335410764885,179.34658560000003,1294.0142342400002,1765.0
24098,443.29696476964716,485.48846883468826,187.59843648000003,575.8647148800001,738.0
24099,438.93180938198077,447.5368354430377,204.81761664,1025.90062848,1343.0
24100,448.08832884097046,386.0567924528302,178.29721728000004,570.09318912,742.0
24101,459.75860805860816,374.12423076923096,195.03941184,394.99177536,546.0
24102,455.13476470588205,415.6185980392152,164.41693632,864.2025100800001,1020.0
24103,458.5134643226474,308.72669079627707,170.09306496000002,537.2765798400001,967.0
24104,466.23097762073024,347.3430212014138,223.65854784000004,1190.88994752,1698.0
24105,462.4765316718578,473.1288161993771,183.16247040000002,719.2942848000001,963.0
24106,472.1682225237446,322.8599050203529,181.63611648000003,561.0304627200001,737.0
24107,482.9929622344611,496.4516443745083,414.0235008,1331.0283168,2542.0
24108,472.954324324324,454.83301455301466,199.47537792000003,727.1168486400001,962.0
24109,475.71985057471227,432.80213793103485,185.30890560000003,714.9060172800001,870.0
24110,475.42811357074146,391.87361886429215,210.92303232,786.2153644800001,1039.0
24111,483.4725139664807,355.36768156424586,201.95570304,268.35209856,358.0
24112,491.7888645161291,377.180206451613,193.08377088,550.9660665600001,775.0
24113,496.42387939698534,411.9889447236174,188.69550336,747.15024384,995.0
24114,498.96462633451966,357.93137010676145,198.37831104,451.13298048,562.0
24115,503.5993291404617,443.2084486373168,199.141488,741.1402252800001,954.0
24116,508.6478082191779,329.6317808219178,216.07447680000004,707.94202752,949.0
24117,506.7086117136656,467.50640997830806,207.34564032000003,740.4247468800002,922.0
24118,515.2142531120335,397.5366390041494,143.38187136000002,696.8759616000001,964.0
24119,529.0843954802267,353.5618870056491,670.73715072,1838.44559808,2655.0
24120,524.7941198979593,314.100586734694,175.95998784,535.51173312,784.0
24121,529.8369981916828,438.04358649789066,400.62020544000006,1196.7568704,1659.0
24122,536.2683888888886,393.57373015873077,437.15730240000005,988.4095603200001,1260.0
24123,544.9159521276599,496.96989893617086,832.8645561600001,2145.242736,3760.0
24124,545.6794814814815,309.0427209876545,442.02255552,1160.79215616,2025.0
24126,559.6514858031906,444.4770167250101,845.0276889600001,1947.2937120000001,2571.0
24127,555.9772522080474,392.0337095191366,221.32131840000002,730.64654208,1019.0
24128,569.6869343065695,338.03479014598554,241.59320640000004,855.7598649600001,1096.0
24129,572.4050998463895,376.69440860215013,271.11861504,942.5235456,1302.0
24130,580.8095332278482,414.24066455696214,302.93355456000006,939.4708377600002,1264.0
24131,589.2079494382019,457.0000187265923,226.61585856000002,951.3477792000001,1068.0
24132,589.2252567237158,358.10938875305663,269.496864,1027.3315852800001,818.0
24133,592.4808520179371,331.89616591928245,243.07186176000002,566.4204,446.0
24134,404.59263759086144,207.50238836967793,427.3790976,1341.5220000000002,1926.0
24135,418.3197766749385,235.795359801489,246.17226816000004,586.88308224,806.0
24136,420.6367722602733,270.04491438356166,213.11716608000003,961.6983667200001,1168.0
24137,426.58686206896465,162.44933333333353,443.4535123200001,1264.8227155200002,1740.0
24138,427.58036948748526,303.940393325387,188.31391488,927.9754848000002,1678.0
24139,432.91199566160515,120.2549023861172,212.11549632000003,934.98717312,1383.0
24140,428.93717628705156,211.7423088923558,164.70312768000002,484.52197248000004,641.0
24141,441.1687781350477,251.34140675241193,185.0704128,975.5309491200001,1244.0
24142,440.3698341836733,190.93327806122437,160.31486016000002,565.99111296,784.0
24143,448.9102982731555,214.14585557299839,163.93995072,476.46091584000004,637.0
24144,463.1414342235414,235.72363996043495,203.19586560000002,765.70498368,1011.0
24145,462.89689345314525,122.2554236200258,217.69622784,1122.01322688,1558.0
24146,468.3774970131426,183.33951015531633,271.78639488000005,1211.8773139200002,1674.0
24147,465.57987234042525,201.32234042553193,160.83954432000002,342.38026368000004,470.0
24148,462.6981877444589,291.5401043024773,199.76156928000003,923.2533273600001,1534.0
24149,462.8726504854375,154.5478155339805,218.26861056,778.86978624,1030.0
24150,468.84941885964963,265.4574780701752,177.39094464000001,734.5101254400001,912.0
24151,488.17286465177403,155.60310118265443,227.18824128,597.51986112,761.0
24152,500.0091889632109,179.98626254180598,389.41104384000005,902.3613580800001,1196.0
24153,489.7891409691636,118.59174449339228,211.49541504,866.49204096,1362.0
24154,494.46509316770147,298.1232049689449,225.70958592000002,933.6516134400001,1610.0
24155,496.17527359238636,258.12618556701017,232.38738432000005,914.8106822400001,1261.0
24156,516.8727853598003,152.47677419354804,474.21908352,1226.1868819200001,1612.0
24157,512.764663212436,105.45255731865305,495.87422976000005,1605.19963968,3088.0
24158,513.9202441150826,289.7363469921533,202.43268864000004,672.8358873600001,1147.0
24159,524.1609730700164,202.38125314183134,801.0496166400001,1837.68242112,2785.0
24160,527.0897211155385,272.43243027888474,221.55981120000004,595.80271296,753.0
24161,532.0420968858127,251.2009619377162,241.68860352000004,989.8405171200002,1445.0
24162,534.7406495726491,137.54018803418796,236.15557056000003,490.57968960000005,585.0
24163,547.7900456100341,111.82432155074093,225.18490176000006,506.79720000000003,877.0
24164,547.9978947368422,169.64913360323862,280.70602560000003,884.7128908800001,1235.0
24165,551.0522799097067,236.75282919488342,209.25358272000003,956.1653337600001,1329.0
24166,554.5674698795178,282.0469176706831,234.91540800000004,718.7696006400001,996.0
24167,555.1769552669547,209.76847041847037,325.54267200000004,541.42635456,693.0
24168,565.7360342368047,181.86945791726112,205.67619072000002,541.0924646400001,701.0
24169,570.1903181534623,107.35110729881468,282.42317376000005,874.1715091200001,1603.0
24170,570.5027592116523,301.85686375321336,203.52975552000004,605.2947264000001,1167.0
24171,575.9966612772848,150.40649959579676,646.3154880000001,2099.2136256,2474.0
24172,572.8796412556053,267.08576233183857,220.03345728000002,686.7161683200001,892.0
24173,580.7782962447844,201.19621001390826,307.03563072000003,1088.67193344,1438.0
24174,579.4296488764048,239.23445224719117,270.16464384000005,541.76024448,712.0
24175,589.7483082373784,302.6161204605844,223.46775360000004,893.5848230400002,1129.0
24176,592.8353914988816,278.0230648769571,260.86342464000006,855.28287936,447.0
24179,400.10315873015844,-76.64491269841267,382.30395840000006,479.94291072000004,630.0
24181,414.82227941176507,-25.42333823529413,209.49207552000001,548.0564544,680.0
24182,413.68035487959395,5.339099993029146,208.49040576000004,1332.2207808,1578.0
24183,419.25763745236816,41.64490310288515,290.24573760000004,1358.74118016,1837.0
24184,423.86459747817565,88.73276479146455,226.8066528,1128.8818195200001,2062.0
24185,441.532225080386,-84.72402893890674,197.51973696000002,1050.7992768,1555.0
24186,441.8918935516885,-57.53035619242583,200.52474624000004,733.7946470400001,977.0
24187,448.5113928914509,7.5060576042267,175.10141376,821.4169017600001,1041.0
24188,443.706075837743,-22.69850149911819,188.12312064,885.6191635200001,1134.0
24189,447.87900541272006,62.702061569688695,341.14010112000005,1102.64761152,1478.0
24190,455.6659390862945,27.610390862944147,188.50470912,611.82942912,788.0
24191,459.9525470085478,92.49194472934484,202.19419584000002,995.5166457600002,1755.0
24192,469.88470619658085,-29.96643568376074,397.51979904,1450.3701139200002,1872.0
24193,475.1302056555269,41.26349100257075,298.68838272000005,842.6427609600001,1167.0
24194,474.19847426470636,-69.94795036764698,208.82429568,919.2943468800001,1088.0
24195,485.8562918838412,69.77092926284433,273.26505024000005,1012.8312230400002,1343.0
24196,487.3530562347201,7.114849395476771,279.13197312,1203.8162572800002,1636.0
24197,496.85508869179614,-47.44299334811528,281.37380544,702.02740608,902.0
24198,500.5324867724872,38.0531402116402,173.43196416,598.616928,756.0
24199,499.4913942307691,-77.26513942307689,190.17415872,547.24557888,624.0
24200,504.0958010335916,-28.76335658914727,168.47131392000003,632.6260012800001,774.0
24201,512.4802747252752,78.52051318681316,247.98481344000004,661.1020416000001,910.0
24202,512.5638360655736,-8.14029176721311,157.35754944,549.86899968,610.0
24203,519.7203470437014,16.21505218508996,173.76585408000003,601.33574592,778.0
24204,526.0616066838044,34.64814524421593,178.44031296,625.18502592,778.0
24205,527.0181861804223,60.8907936660269,391.98676608000005,780.5392358400001,1042.0
24206,534.8342630057804,-5.031134390173414,161.65041984,549.67820544,692.0
24207,540.0257812500001,-30.454906249999976,177.34324608000003,786.35846016,960.0
24208,547.6320417633412,61.81914617169374,226.90204992000005,371.71487808000006,431.0
24209,551.4152267818575,31.717107991360706,235.86937920000003,707.131152,926.0
24210,553.6838682071032,84.10294694052214,458.7647500800001,1387.26491904,2337.0
24211,553.3937679558018,-0.518164925966851,221.60750976000003,702.8382816000001,905.0
24212,571.407352941176,46.79227890466532,239.25597696000003,784.06892928,986.0
24213,576.2446219382307,-6.3526718881789135,238.87438848000002,732.93607296,939.0
24214,578.0473424971369,22.160941351660938,240.97312512000002,677.2718534400001,873.0
24215,573.2429331941537,-32.82265762004173,244.40742144,788.8387852800001,958.0
24216,585.1314799154331,-78.40171035940797,268.01820864000007,882.0417715200001,946.0
24217,592.175260586319,57.658903908794784,588.6479289600001,1187.2171584000002,614.0
24219,403.61637268847835,-277.05347083926046,348.96266496000004,1096.4944972800001,1406.0
24220,401.0625629077358,-253.78128611370002,248.08021056,830.8612166400001,1073.0
24222,409.3602382485508,-222.01027044430143,230.76563328000003,1222.9910784,1553.0
24223,419.880712050078,-148.59352895148677,185.35660416000002,865.9196582400001,1278.0
24224,418.7918846153847,-175.9598589743591,157.83453504000002,535.0347475200001,780.0
24226,440.2713361408875,-103.71048889739653,337.32421632000006,1294.68201408,2612.0
24227,432.42759237187175,-283.5351489868892,178.20182016,562.74761088,839.0
24228,442.6140056980054,-184.96717948717932,170.76084480000003,1234.9634169600001,1755.0
24229,455.0527962662338,-134.4367167207794,634.34314944,1728.8343072000002,2464.0
24230,435.3825102459009,-236.013514344262,167.75583552,674.1714470400001,976.0
24231,442.37401944894634,-259.4441977309564,175.0537152,458.28776448,617.0
24232,447.19830840046,-213.83322209436108,174.43363392,665.6334048,869.0
24233,455.53028901734035,-285.43736994219637,169.52068224,637.4912544000001,1038.0
24234,466.3613484358149,-156.34141316073348,187.21684800000003,717.8156294400001,927.0
24235,464.8538395638627,-245.17589563862919,250.94212416000002,926.92611648,1284.0
24236,473.6579405034322,-208.69464530892466,191.55741696,990.8898854400002,1311.0
24237,476.14346828610024,-274.24924426450747,179.06039424000002,557.6438649600001,741.0
24238,477.83157509157536,-176.90080586080606,168.80520384000002,596.8997798400001,819.0
24239,494.51430555555555,-136.56382812500016,212.83097472000003,838.92227328,1152.0
24240,485.5052555205053,-103.4672492113564,215.54979264000002,850.7038176000001,1585.0
24241,495.4678419243988,-244.09426116838495,287.71771392000005,991.31917248,1455.0
24242,502.3822700587082,-269.5407925636011,179.87126976000002,782.0178912,1022.0
24243,497.0604639175262,-188.4690077319588,258.04920960000004,561.7936396800001,776.0
24244,501.3810879848631,-215.16927152317905,207.25024320000003,821.6553945600001,1057.0
24245,506.74694852941184,-102.72827757352952,206.48706624000002,529.9310016000001,1088.0
24246,504.4932245681385,-161.10737044145887,193.36996224,800.5726310400001,1042.0
24247,516.1928689883911,-185.9604311774462,180.44365248000003,473.78979648000006,603.0
24248,522.706025641025,-239.91114316239276,181.25452800000002,736.8473548800001,936.0
24249,526.6137516512556,-137.01060105680313,314.85819456,1085.9531155200002,1514.0
24250,529.9317905405408,-285.46834459459456,207.44103744000003,1206.9166636800003,1776.0
24251,550.7854728546417,-219.77357705779292,796.85214336,1770.80904,2284.0
24252,536.6949399198938,-160.7867823765018,182.49469056000004,569.6639020800001,749.0
24253,537.8367529411762,-187.7033647058821,194.03774208000002,613.6419744000001,850.0
24254,557.4175624256835,-251.11336504161747,275.36378688,1360.2675340800001,1682.0
24255,549.0316463414638,-169.56447154471545,183.4009632,362.07976896,492.0
24256,560.8315139784934,-294.00388817204305,226.13887296000004,1325.9245708800001,2325.0
24257,575.7231230116654,-196.72125132555647,483.23411136000004,1444.9324780800002,1886.0
24258,567.7649054224466,-138.12527742749032,605.81941056,1321.4886048,1586.0
24259,573.718515625,-171.9788411458335,200.47704768,615.3114240000001,768.0
24260,578.1314420358154,-101.49316965127234,220.51044288000003,544.14517248,1061.0
24261,591.9719092827005,-232.54940928270028,190.79424,1104.9371424,948.0
24262,593.3473000000001,-141.11642500000005,258.24000384,778.3928006400001,400.0
24263,593.0094105691056,-166.87048780487817,295.92186624000004,670.49865792,492.0
24264,408.93719613259674,-442.2203176795575,374.38599744000004,1055.5214342400002,724.0
24265,406.03540504648055,-387.2074236387783,277.93950912,588.6002304,753.0
24266,413.27144591611517,-300.34974613686563,240.35304384000003,401.09719104000004,906.0
24268,429.84591441441404,-338.7132747747754,584.30736,1633.3417900800002,2220.0
24269,421.74174468085033,-427.1802340425533,183.11477184000003,337.80120192000004,470.0
24270,424.5343833685696,-374.0026920366452,203.29126272000002,1054.90135296,1419.0
24272,437.1759433962267,-409.89430188679313,308.99127168,1139.6139955200001,1590.0
24274,443.8100956738767,-311.3351580698841,283.37714496,1315.4785862400001,2404.0
24276,452.1691374999997,-433.24029999999925,177.77253312000002,591.41444544,800.0
24277,456.41124324324284,-379.6015675675684,220.31964864000003,955.8791424,1295.0
24278,468.10952222222215,-349.80846666666645,182.68548480000004,661.3405344,900.0
24279,469.44614775725614,-415.5190633245377,182.59008768,604.5792480000001,758.0
24280,475.00706666666696,-325.4652,194.13313920000002,558.02545344,750.0
24281,479.24352477477566,-391.0774436936939,200.33395200000004,681.3739296,888.0
24282,478.90578844905895,-298.3675340687865,225.70958592000002,693.2985696000001,1541.0
24283,499.72338041002257,-440.5096264236895,2228.81061312,5787.21858624,2195.0
24284,493.194828934507,-363.4546529814272,206.96405184000002,845.9339616000001,1023.0
24285,500.37960021905866,-306.9745947426066,380.34831744,1073.55148992,1826.0
24286,504.18765729584936,-407.8872780008942,579.7759968,1588.1235552000003,2241.0
24287,504.397467700259,-339.85754521963855,204.34063104000003,661.43593152,774.0
24288,523.1643810548976,-404.2545963401508,181.06373376000002,708.6098073600001,929.0
24289,519.4528403141364,-364.75344240837666,198.75989952,659.9095776000001,764.0
24290,532.876071428572,-316.6943277310926,212.97407040000002,1069.4971123200003,1428.0
24291,536.7069387755109,-344.54633540372663,207.10714752,899.30865024,1127.0
24292,548.4230597609559,-423.5833864541835,243.21495744,971.47657152,1255.0
24293,548.0443559718973,-393.86420374707234,163.55836224,732.60218304,854.0
24294,552.3522232472325,-369.97569188191926,222.08449536,812.4972710400001,1084.0
24297,567.9942578849721,-327.68259740259697,180.01436544000003,855.66446784,1078.0
24298,574.8568610301257,-353.72159378036935,201.81260736000002,816.55164864,1029.0
24299,579.0204036243814,-413.8923228995058,209.11048704,1032.57842688,1214.0
24300,584.3591327433629,-383.5190619469026,215.26360128000002,913.6659168000001,1130.0
24302,591.7338377535104,-436.81833073322923,247.46012928000005,1093.10789952,641.0
25626,589.6762514484361,-302.2244727694089,827.5700160000001,2190.65176512,1726.0
25706,589.91877269881,94.39377207263624,598.52153088,1863.5350406400003,1597.0
25707,593.7442026078234,-34.0756810641926,801.90819072,2236.1084928,997.0
